timestamp,PM2.5,PM10,NO2,SO2,CO,O3,temperature,humidity,wind_speed,air_quality_level
1/1/2024 0:00,72.41785383,99.23405307,44.94321903,4.442710215,0.12853063,23.52129026,24.90063182,39.58368516,4.466686188,Moderate
1/1/2024 1:00,56.54339247,38.69494822,52.60210786,11.23252389,0.163789954,25.61781097,24.46367617,59.54668254,2.371611444,Good
1/1/2024 2:00,76.19221345,49.55443734,37.71532338,12.49110874,0.617940447,80.99624192,31.10141448,26.16995704,3.741500161,Good
1/1/2024 3:00,98.07574641,112.2979228,15.54752078,15.70074519,0.937305976,40.01365638,19.61660436,48.95658665,4.632282659,Moderate
1/1/2024 4:00,54.14616563,95.12596314,40.99531928,17.90270343,0.1,55.64260003,21.1874038,72.51125831,2.336182077,Good
1/1/2024 5:00,54.14657608,84.48049991,25.22964659,4.924529041,0.650080947,24.18201237,30.18151446,68.53805974,1.36074817,Very Unhealthy
1/1/2024 6:00,99.48032039,90.55301799,27.07074977,5.945712444,0.642125643,24.40294108,22.02232532,89.3449916,2.827030689,Good
1/1/2024 7:00,79.18586823,100.4274512,43.79546028,3.712110705,1.216501333,61.63969618,29.50266539,39.45237882,4.586376592,Moderate
1/1/2024 8:00,48.26314035,73.80720959,53.57424607,8.829900704,0.684493456,13.00847577,33.49717992,54.87325094,4.119684864,Moderate
1/1/2024 9:00,73.56400109,66.65085824,35.31907365,12.33179187,0.914896695,31.69572464,22.99102487,43.06712896,0.796234295,Moderate
1/1/2024 10:00,48.41455768,95.87535765,39.63249519,14.93667258,0.842377142,40.68054822,28.40681163,50.84221798,3.6165776,Good
1/1/2024 11:00,48.35675616,60.64881667,60.53322417,9.620244882,0.160830056,42.22745204,19.23153859,79.98650909,3.073538851,Very Unhealthy
1/1/2024 12:00,66.04905679,102.2475827,38.61129769,8.400762384,1.030462165,36.4181343,28.77366649,67.89463526,4.583584294,Moderate
1/1/2024 13:00,12.16799388,38.92249187,74.02524671,10.75878996,0.864618952,47.91639562,25.99711993,81.77088339,1.051166376,Moderate
1/1/2024 14:00,16.87705419,120.8746691,43.48264468,5.824285492,0.952480592,53.85711512,27.36519141,34.24577758,2.903162509,Good
1/1/2024 15:00,45.94281177,104.1779245,8.588558613,20.44769361,1.977871312,54.69275091,21.77213964,81.13527825,4.457582121,Moderate
1/1/2024 16:00,34.67922199,97.68089203,46.30012432,1.961694864,0.174766118,20.28392383,16.69458292,24.18335919,2.34510704,Unhealthy
1/1/2024 17:00,67.85618331,119.4807295,40.71737577,10.92370289,1.317408995,34.31689804,27.51626032,82.20194963,2.66897713,Moderate
1/1/2024 18:00,37.29939811,139.9642333,54.34629131,20.1180311,0.713765744,63.89525724,14.68298424,43.03516456,0.81707305,Unhealthy
1/1/2024 19:00,24.69240747,120.431102,45.09772027,10.03399922,0.886198671,57.89294375,23.41324754,42.02113434,1.751646382,Moderate
1/1/2024 20:00,96.64121922,34.77377306,32.92316024,9.049804825,0.786346326,12.54281097,29.70590933,55.84620037,1.960279921,Good
1/1/2024 21:00,54.35559249,51.612691,16.63552646,8.212772886,0.6727291,47.02959801,25.95948868,85.84831314,4.753051019,Good
1/1/2024 22:00,61.68820512,71.25544267,31.86465114,9.098041591,0.629050122,5,34.74171322,23.34469553,1.772003122,Good
1/1/2024 23:00,24.38129534,90.78273151,22.24219319,16.86424237,0.898852621,40.93869804,30.12554576,44.65616825,2.573909309,Moderate
1/2/2024 0:00,46.39043189,105.5297706,26.29214825,1,0.344847891,77.95534033,21.73050806,79.96003921,3.520869906,Unhealthy
1/2/2024 1:00,62.77306474,68.22768561,43.82867607,17.66716851,1.02517375,21.04214565,25.1365669,47.72381342,1.229825176,Good
1/2/2024 2:00,31.22516056,95.60300293,60.04856757,2.880214238,0.675141679,23.31353909,24.76314649,33.94098283,2.688990742,Moderate
1/2/2024 3:00,69.39245046,67.33851203,40.92007295,8.666738354,0.460979198,55.28059563,17.08911618,49.73559269,3.823425678,Moderate
1/2/2024 4:00,44.98403275,71.65446591,17.06175407,7.853777899,0.664996143,9.143969696,20.29800542,46.9886751,4.400848459,Moderate
1/2/2024 5:00,52.70765626,47.80016709,41.66904002,12.94276635,1.177144765,27.3448994,22.19619547,84.0791341,3.318166736,Good
1/2/2024 6:00,44.95733469,62.30300262,52.9494723,2.009378241,0.639399474,51.92882275,14.81889749,73.3354063,3.510740819,Good
1/2/2024 7:00,106.3069546,49.44946183,25.85325644,12.31086333,0.907536085,27.31428305,25.23746734,55.3580889,1.068275627,Good
1/2/2024 8:00,59.66256938,60.72380241,32.9897425,20.12154812,0.580713117,35.28060026,23.75464078,89.18593967,4.755994238,Good
1/2/2024 9:00,33.55722678,121.6092539,35.22032292,3.184129977,1.027376555,54.88371421,16.63553049,52.56942719,1.096583349,Good
1/2/2024 10:00,80.5636228,61.51803334,23.2265253,10.94853084,1.005652322,48.43092167,27.02106433,24.07664816,3.986028217,Good
1/2/2024 11:00,29.47890875,168.9714619,44.72420651,6.690089111,1.35458265,45.33636793,28.57936372,38.35920253,1.691673448,Moderate
1/2/2024 12:00,65.22158988,104.799537,33.18577777,12.12943603,0.747330816,33.21755441,26.13517239,50.52493362,4.701169147,Good
1/2/2024 13:00,11.0082469,95.54508371,41.29298666,10.09573889,1.000596441,47.40122231,23.37965912,30.98318369,3.739817927,Hazardous
1/2/2024 14:00,26.79534878,64.24926659,21.68761733,6.792565455,0.829420262,37.5253464,27.95721076,86.32955884,3.892161708,Good
1/2/2024 15:00,64.9215309,111.0092964,28.4381255,12.43936142,1.188761535,49.1561122,28.4011018,73.67942285,1.485766279,Good
1/2/2024 16:00,78.4616645,72.73086521,45.83572037,19.02174055,0.584350284,30.0613595,26.53701785,38.78010403,2.493679895,Good
1/2/2024 17:00,64.28420703,93.66029444,29.40750272,9.045481041,1.023501594,36.34862051,20.87693875,61.35631735,3.280159376,Good
1/2/2024 18:00,57.10879294,166.8025361,60.90445777,13.59878971,0.741590811,20.20084415,26.38300383,70.501441,3.964881282,Unhealthy
1/2/2024 19:00,52.47240761,87.11820301,29.00545722,3.533635211,0.780743547,39.2998478,30.97740325,85.88952502,0.967817192,Good
1/2/2024 20:00,23.03695024,124.4781998,38.37027089,5.217818116,0.827525745,23.77998273,22.01685471,81.71447444,4.830643924,Very Unhealthy
1/2/2024 21:00,42.00389479,68.90470725,48.98886248,12.36203139,0.875672119,17.719071,35.4896967,56.06345583,4.505993017,Very Unhealthy
1/2/2024 22:00,48.48403073,88.95034529,13.72451401,17.42058014,0.765131287,45.17322296,22.37184533,74.22568339,1.716568657,Moderate
1/2/2024 23:00,86.42805566,143.1240191,8.58786782,11.77806674,0.864413955,44.25479552,25.16203507,59.35013277,4.202421094,Moderate
1/3/2024 0:00,68.59045724,71.19098827,12.11515528,8.434709847,1.273435417,55.6574747,21.63757202,58.6892723,2.832457654,Moderate
1/3/2024 1:00,15.92399612,144.3734567,53.93876155,9.996457027,1.095634906,31.37748861,26.11635418,28.03193708,2.578129167,Good
1/3/2024 2:00,68.10209923,111.2325581,26.72212781,3.74796133,1.060746378,48.16105694,16.28889154,28.82963606,1.914953476,Moderate
1/3/2024 3:00,50.37294299,73.12599672,73.37298929,13.02257663,0.663338142,51.01595145,22.26979101,57.06735305,3.11435864,Good
1/3/2024 4:00,43.07694999,108.9722322,26.53628602,14.41166531,0.533227752,48.89547616,19.539394,38.82030815,3.78450103,Good
1/3/2024 5:00,75.29190722,119.1766335,37.76826955,7.739548336,1.086590167,23.48692634,25.67669174,21.47258317,2.349198072,Moderate
1/3/2024 6:00,85.77498806,108.6542989,58.13164929,7.649789261,1.062814038,42.98726965,29.97223688,70.59874427,3.331486369,Moderate
1/3/2024 7:00,83.28200298,42.8932584,65.09139332,11.32939115,1.241801203,47.28280592,28.23003094,22.27406177,3.646908145,Very Unhealthy
1/3/2024 8:00,39.01956192,68.18588473,65.92255365,7.81640132,0.618805812,40.14356934,13.1417032,61.66937888,3.700048177,Good
1/3/2024 9:00,52.2696906,82.57444093,53.12549346,9.669336927,0.731135403,5,35.21034826,57.74356559,0.733847442,Unhealthy
1/3/2024 10:00,68.28158579,87.76699713,50.36093789,20.49860895,0.308154751,43.20979248,26.4763997,87.81702834,4.368865126,Good
1/3/2024 11:00,84.38862818,108.6201629,43.88790424,8.764871496,0.682258668,84.25062079,21.1175043,53.89491975,2.562139916,Good
1/3/2024 12:00,48.02064405,95.33103003,46.67541614,8.20829924,1.098971153,32.79921462,25.78563959,24.45210055,1.680872368,Good
1/3/2024 13:00,55.35852558,49.93966924,26.73221426,6.762290972,0.660051386,25.43845804,25.88094911,58.61815775,1.587940284,Moderate
1/3/2024 14:00,32.34162565,101.4059355,22.72701675,13.72095986,0.992143939,47.46697119,21.66575642,78.87673194,2.673563508,Good
1/3/2024 15:00,30.0948344,108.3175724,34.94938314,9.093879134,0.742849068,46.24756421,25.98958334,89.7794499,4.490741928,Moderate
1/3/2024 16:00,80.31314556,106.7937134,32.44723066,6.753134808,0.897217108,63.85470331,21.96263856,50.12402216,2.202564118,Unhealthy
1/3/2024 17:00,93.90600071,122.4234218,28.20157926,16.60652016,0.455692583,14.84263688,22.97819004,42.42091197,3.873765861,Moderate
1/3/2024 18:00,58.19974696,115.0176646,45.44581171,17.09801502,0.825562835,54.62760505,21.56860432,83.46573079,0.935684289,Moderate
1/3/2024 19:00,85.08832245,103.7754024,49.32957813,6.997882171,0.1,51.80844123,17.83664355,33.38694904,2.64225516,Unhealthy
1/3/2024 20:00,69.04090063,87.89502866,36.32610329,1,0.743931153,37.15706926,25.72918235,63.08002405,4.962587632,Unhealthy
1/3/2024 21:00,43.87200613,40.17117199,57.16295122,15.03756845,0.310858027,46.77374636,27.92649718,48.40000969,3.966970113,Moderate
1/3/2024 22:00,69.03489014,102.8885466,17.87466329,6.576850871,1.161798355,60.58914963,27.57441798,22.87576555,1.447378198,Good
1/3/2024 23:00,98.45091416,96.23063061,32.09510811,13.953128,1.033222206,57.4463076,29.09962626,44.3101932,2.756486632,Very Unhealthy
1/4/2024 0:00,59.10434902,98.14736512,24.24766519,1,0.940001295,17.13961376,26.62170105,38.56599658,1.551311436,Moderate
1/4/2024 1:00,99.1160914,51.69754273,7.001950744,14.46298669,1.256301868,56.40316374,22.33637251,68.02638078,2.343024173,Good
1/4/2024 2:00,5,57.56830379,33.75978971,3.944140354,0.515325044,38.7062279,29.19831932,86.41533484,4.010378107,Good
1/4/2024 3:00,80.54756261,121.5945856,33.17378737,13.6538206,1.324208959,41.45748196,18.2124123,38.76330312,3.970511669,Unhealthy
1/4/2024 4:00,62.17617671,88.81334538,57.70174615,10.07136534,1.079657469,41.46393982,20.49664309,76.80261574,1.526451701,Good
1/4/2024 5:00,52.52481624,110.4450209,44.46217527,5.230302903,0.729033414,36.99514022,20.17899964,23.87518719,4.650004932,Hazardous
1/4/2024 6:00,62.29401941,90.84955128,19.63719764,7.964818435,1.140686044,63.83414994,30.4002803,57.6684707,3.166556822,Good
1/4/2024 7:00,10.31077713,90.89268418,62.8113885,13.43159228,0.468111946,38.3256408,29.71394257,24.93850446,2.209659309,Unhealthy
1/4/2024 8:00,54.5082028,118.1485142,53.31550543,10.52947227,0.552645752,17.60907743,27.43652619,85.38230938,2.758710114,Good
1/4/2024 9:00,68.92781429,74.51865815,43.73146555,12.9220649,0.617423083,32.12940288,30.35964933,73.64458964,3.22282064,Moderate
1/4/2024 10:00,96.94735112,92.88362331,31.60273852,19.88220292,0.641306688,43.57389434,20.60358609,66.05649378,3.019507393,Very Unhealthy
1/4/2024 11:00,47.04324454,76.13174134,20.60841145,2.178791941,0.483032707,64.58429569,26.7429756,77.67274671,2.68882266,Moderate
1/4/2024 12:00,39.78765993,76.96511318,29.41689836,18.08606287,1.16692492,52.0618937,24.37412786,65.32638569,2.772197618,Moderate
1/4/2024 13:00,47.45607391,80.7248363,51.3312293,10.52177969,0.72234368,22.98929443,29.23441052,87.8261078,1.293853597,Good
1/4/2024 14:00,82.88505294,96.66401315,63.26879459,5.506079758,0.905751491,89.70379833,24.42387884,69.97705635,4.157298069,Good
1/4/2024 15:00,68.21877774,75.63754135,58.14865292,3.348431871,0.62889459,45.29550622,23.07528556,84.72610267,2.93792144,Good
1/4/2024 16:00,46.75599491,127.6726838,27.66725867,9.054398046,0.25381901,65.50781476,27.70454259,56.19923244,1.089859378,Moderate
1/4/2024 17:00,72.83168583,63.16178093,18.2057385,14.60825056,0.881017208,36.96571133,29.38084584,28.19450891,3.947706957,Good
1/4/2024 18:00,62.42693873,84.39385068,37.1132937,9.362254398,0.226323507,50.66718489,21.65827403,56.9724405,4.695997903,Good
1/4/2024 19:00,84.21612476,76.80806825,8.473409517,17.55577465,0.779409786,56.78937009,24.69462164,28.88109796,4.762881047,Moderate
1/4/2024 20:00,42.44867265,133.4093365,39.84751571,2.74412155,0.389505488,64.36389424,19.70779683,61.47454354,2.160579796,Moderate
1/4/2024 21:00,51.80844634,95.8966433,32.78596121,9.939555261,1.3961828,61.14736611,12.50969491,53.77451424,1.109825931,Unhealthy
1/4/2024 22:00,50.19729617,120.9553362,28.00945247,3.738032778,1.073408817,57.44394,26.00229816,63.58027785,2.83279832,Good
1/4/2024 23:00,23.4121263,45.43318881,11.07945399,11.81815941,0.831726137,33.69826538,28.04452678,20.70328867,1.006741532,Good
1/5/2024 0:00,67.40300693,98.01150798,42.7040016,14.43443695,1.179112003,28.56507916,26.31033405,33.63883442,4.702943383,Very Unhealthy
1/5/2024 1:00,66.5263818,116.6889239,27.00948741,7.896191032,0.546105207,46.65215021,15.25219141,54.39313023,1.326108323,Good
1/5/2024 2:00,60.12783642,92.46851968,17.45124746,1,0.963043814,58.66256145,23.24575285,86.53524931,1.63744637,Very Unhealthy
1/5/2024 3:00,54.13532167,121.9644113,5,10.99474073,0.85994313,35.54558598,13.9082612,46.85263282,2.329864371,Very Unhealthy
1/5/2024 4:00,24.61573145,74.4813465,34.58727642,12.18369276,0.879206024,61.30343931,31.84850554,49.70604182,2.224240109,Unhealthy
1/5/2024 5:00,49.48386693,132.2804232,61.58377395,12.02147377,1.18170605,69.05233491,19.56972709,70.02872623,4.075983016,Good
1/5/2024 6:00,51.43213709,158.9669437,59.91888822,16.17891096,1.019747631,21.67358162,31.27701805,62.26549301,2.553425692,Unhealthy
1/5/2024 7:00,39.94306827,79.11484319,28.14355615,4.644731602,0.886617099,23.26158592,29.72934822,40.92483051,1.26845717,Unhealthy
1/5/2024 8:00,55.96785721,76.63492436,25.96681909,13.40108053,0.303533769,37.19249882,20.49704824,48.75714769,1.70244453,Moderate
1/5/2024 9:00,70.10127142,133.6015343,42.03161384,15.96253756,0.511986111,46.15225336,19.33607524,35.23898592,2.791010233,Good
1/5/2024 10:00,107.1546475,137.3871644,20.02421841,1.10706208,0.76318732,29.50865972,26.75185108,87.62150214,1.163542628,Good
1/5/2024 11:00,64.36444532,74.31419919,39.5268785,11.59825913,0.828011712,67.04405358,20.77837981,29.14440671,3.25245054,Good
1/5/2024 12:00,66.43875977,77.39439549,46.49120418,7.479100845,0.460938883,48.48133723,25.51242321,46.02857492,3.045862879,Moderate
1/5/2024 13:00,58.13885211,81.54646173,53.40399836,9.592386634,1.523503003,40.78894096,22.58586205,21.80872806,3.716160424,Moderate
1/5/2024 14:00,12.03071962,49.66648467,33.49768885,11.73838242,1.254918217,11.28180952,16.09420793,35.52456444,4.719670769,Good
1/5/2024 15:00,59.33715311,62.44044161,31.94489375,7.563857179,0.980635496,13.68368367,13.8476599,74.63297969,4.605145525,Moderate
1/5/2024 16:00,61.50575525,59.875777,21.8302612,6.621459604,0.821611058,45.62018501,26.13342124,34.08226626,4.757340281,Good
1/5/2024 17:00,121.5810528,66.96607305,22.59679469,10.17076209,0.736337309,5,22.19221127,25.60443818,1.601220187,Moderate
1/5/2024 18:00,55.19097588,88.95945338,31.60281662,4.563770306,0.514424462,60.25274819,22.23455092,53.21172259,1.09204388,Very Unhealthy
1/5/2024 19:00,67.53868356,97.02644198,40.5104826,4.570874356,0.823244156,36.83692311,28.4793192,20.69784643,1.860245152,Good
1/5/2024 20:00,59.13220576,136.5150148,48.70376939,13.39686641,0.877325762,104.8618594,30.86721138,25.93363081,4.527883277,Good
1/5/2024 21:00,30.78304906,60.04937878,22.95231574,4.256029824,0.427471827,86.15832501,23.63727639,76.53381087,4.874240636,Good
1/5/2024 22:00,88.57057036,119.529672,57.39032853,13.3315625,0.900252925,36.37101862,23.29700647,74.00313414,4.36696228,Moderate
1/5/2024 23:00,78.79832582,83.58033467,30.93314598,12.31295646,0.753422285,37.87325995,27.50071517,84.05971743,0.995079745,Unhealthy
1/6/2024 0:00,79.77579868,88.51608871,34.67949058,1.370966356,0.227657733,59.91163028,18.21532215,79.81608051,4.763425991,Very Unhealthy
1/6/2024 1:00,37.26531363,110.2445848,23.79182481,6.612176738,0.541884497,74.0634522,26.11576527,67.82228943,2.405111123,Good
1/6/2024 2:00,95.06985777,56.31833935,5,15.97054702,0.67591834,7.239418851,27.75942986,23.66330001,0.541896308,Hazardous
1/6/2024 3:00,24.95372343,101.4722924,48.26068095,5.094172344,1.366306297,5,28.40115104,74.79940326,2.490771833,Good
1/6/2024 4:00,74.67142735,94.99356625,46.05265846,7.677978688,0.966965937,27.55930389,15.31623649,79.18575676,0.707311264,Moderate
1/6/2024 5:00,114.7613906,104.7735379,30.78008664,12.31030447,0.399355529,51.65475166,21.19322365,75.9357502,2.947450645,Good
1/6/2024 6:00,35.23659187,98.67505932,36.00486076,13.91695255,0.945810887,49.93747181,20.60868374,55.59353247,2.023493123,Very Unhealthy
1/6/2024 7:00,45.84255676,163.6590042,42.73908827,8.74230557,0.335808803,61.3954291,25.49943477,36.30312871,2.630457201,Moderate
1/6/2024 8:00,62.49128413,70.86780047,11.56181215,7.012449027,1.124807316,16.00604943,27.4037229,79.1730983,3.259266623,Moderate
1/6/2024 9:00,47.41310865,74.07009135,27.06420984,17.11184931,0.658662604,5,32.48355204,70.90139668,4.409604931,Unhealthy
1/6/2024 10:00,21.23341422,71.30578421,46.91397019,18.69449832,0.771909143,57.16028391,22.5251726,88.65328221,3.478557094,Good
1/6/2024 11:00,61.71407437,73.33568643,16.18565865,14.89429025,1.197738994,23.43607454,22.51213751,30.89848184,2.453219908,Good
1/6/2024 12:00,33.44240716,70.87838618,39.40336898,10.42659071,0.413850929,5,30.74836009,35.79652081,4.187425342,Very Unhealthy
1/6/2024 13:00,71.83981077,125.6704959,14.65127293,5.958671392,0.380864544,42.90127492,26.48288469,34.82587049,4.575119619,Good
1/6/2024 14:00,37.01439414,132.6151274,41.99644974,5.847777967,0.624920202,55.86351376,31.33825756,75.47778373,1.038919849,Good
1/6/2024 15:00,98.74836013,72.87761119,34.46537777,12.61257053,1.111513655,37.55885736,26.44364002,33.08351075,2.893698399,Moderate
1/6/2024 16:00,40.41866769,65.02933281,10.77302276,12.0919911,0.344196177,30.84303228,19.21441691,24.66618809,1.780303819,Moderate
1/6/2024 17:00,51.94846209,104.1424667,52.47109032,17.00799296,0.1,36.81275536,18.33435823,89.89925646,0.71177539,Good
1/6/2024 18:00,80.33793043,73.43330867,23.98112635,13.25225046,0.664652342,32.58834475,17.24243875,21.7372048,3.508460128,Good
1/6/2024 19:00,29.22839209,108.9879545,22.84621344,2.484598491,0.96552224,13.03905776,28.31025917,78.46708421,4.382468499,Good
1/6/2024 20:00,65.68649837,96.08769063,38.00853796,15.25973809,1.160078525,25.70638646,30.94298412,45.57567891,1.233061945,Moderate
1/6/2024 21:00,92.67856886,44.52767655,52.22956024,5.009696863,0.661051591,50.4255981,34.24681071,78.91308218,4.155861459,Very Unhealthy
1/6/2024 22:00,19.81291914,136.425156,19.76267272,8.08014364,0.676572018,46.43357083,29.21552666,58.82343438,4.340280801,Hazardous
1/6/2024 23:00,64.61584646,143.8763302,35.92519775,11.25100103,1.14617022,43.36119612,30.81419289,83.11418606,4.614531992,Moderate
1/7/2024 0:00,66.49706986,71.61633929,41.4322475,19.97833745,0.23907749,20.09703036,22.09991834,84.83350905,1.693782901,Good
1/7/2024 1:00,79.54557179,78.3689532,45.39658411,25.54959278,0.683443767,36.36993676,19.21792092,20.63687269,4.567788793,Very Unhealthy
1/7/2024 2:00,29.07623223,98.57596172,37.64662333,13.0336153,0.857127167,5,29.25039666,25.27885232,1.942982396,Moderate
1/7/2024 3:00,26.98858467,100.0337037,29.49458241,9.084016906,0.934765616,43.56953328,27.08840376,37.52511107,2.985521061,Good
1/7/2024 4:00,73.04853914,109.7563282,22.58614669,12.67252824,0.647057992,68.57715416,25.53722187,66.85207915,0.727283619,Very Unhealthy
1/7/2024 5:00,67.42461683,150.3061362,36.29215825,14.43827713,0.810332304,10.51735736,26.9368574,82.17905376,0.697464898,Unhealthy
1/7/2024 6:00,66.26232126,84.69158318,18.91791482,8.396661872,0.1,28.28144653,26.61592741,52.19593659,3.741679457,Unhealthy
1/7/2024 7:00,68.66120524,66.05108266,5,18.97605678,0.602525476,46.58213557,31.4190843,62.48811814,2.500159901,Unhealthy
1/7/2024 8:00,42.99938196,48.62042316,41.54839706,11.1503538,0.936052614,65.05685269,31.47492792,33.1949897,1.653315689,Good
1/7/2024 9:00,65.80634243,68.0720988,48.55902262,12.48871545,0.50531179,31.03550767,27.72110176,76.34767837,1.356860732,Good
1/7/2024 10:00,67.32681183,89.00619081,5,13.32962126,0.817695266,26.15499341,29.22901436,87.71296779,3.514790709,Moderate
1/7/2024 11:00,42.14121455,143.8367359,19.85403943,12.10793305,0.93406175,5,27.57031276,38.8019253,0.501806948,Good
1/7/2024 12:00,106.6443628,74.47166103,44.28731392,14.1947025,0.69723524,42.06876259,22.69415134,54.63781661,4.126510261,Moderate
1/7/2024 13:00,71.84582302,96.71363855,65.86243205,6.913734067,0.851139131,80.8415208,28.78282337,26.02812774,0.856623228,Unhealthy
1/7/2024 14:00,30.21741257,89.50731312,35.31190562,7.20849123,0.51118023,45.54716924,18.02752466,59.13956595,1.361703267,Unhealthy
1/7/2024 15:00,76.41384022,125.6517982,24.07995588,4.499228835,0.738016616,39.55442042,30.26945776,55.19484093,2.238063779,Moderate
1/7/2024 16:00,35.63295824,165.8079728,32.25655338,12.19750615,0.983064851,46.44164622,19.0273853,30.11055389,2.681864329,Unhealthy
1/7/2024 17:00,79.67711509,74.07393681,55.62314629,13.89468252,0.847091888,39.77815992,26.42901643,50.94463492,2.097478021,Unhealthy
1/7/2024 18:00,88.96488948,75.31681672,25.31053731,12.28886433,0.624040619,23.73971255,20.77423021,43.38732565,1.943204742,Moderate
1/7/2024 19:00,39.48294204,121.3248263,23.0121199,18.37246217,0.867264921,56.46559831,27.76694492,56.52816127,4.837622054,Good
1/7/2024 20:00,84.08440323,110.4567447,27.75884717,9.972019906,1.014382937,44.51523046,24.83037387,60.99580348,3.387108566,Good
1/7/2024 21:00,70.31952317,145.4012198,20.70007088,13.34370828,0.185017616,40.35226504,17.02622021,20.5946905,0.605448299,Good
1/7/2024 22:00,80.551504,107.5178456,36.84005474,4.541495619,1.147722219,20.49267945,27.10349816,73.27041881,2.435791588,Good
1/7/2024 23:00,107.4198246,79.22123728,59.37017688,8.064501488,0.699123578,66.07015864,22.11039612,69.91100043,4.437539149,Good
1/8/2024 0:00,53.8652971,107.7196449,39.8461891,13.47768879,0.92764698,53.29405491,29.4057336,45.64004703,1.856552839,Good
1/8/2024 1:00,41.15659589,123.2611074,31.21469747,14.24551055,1.159174077,28.94158325,25.00662844,23.70551549,0.925503551,Moderate
1/8/2024 2:00,37.76213926,114.6144654,30.62283097,8.530165262,0.388497891,60.03649707,26.97710493,72.84527778,3.912731472,Very Unhealthy
1/8/2024 3:00,39.60474288,105.2182209,11.55213787,9.642003741,0.587167699,30.04858323,20.21215522,86.86226123,3.227062244,Good
1/8/2024 4:00,58.07245726,122.0002407,48.24664666,2.410631267,0.713435391,24.35993015,22.05333884,36.81061172,3.066406285,Unhealthy
1/8/2024 5:00,68.52879937,125.0788677,33.83244204,8.214853996,0.564873944,24.80593765,22.70680682,42.64672296,0.741094518,Moderate
1/8/2024 6:00,66.91726998,131.4647697,32.2928013,14.45191582,1.320480973,5,29.2835124,32.86690226,1.132245544,Good
1/8/2024 7:00,80.67958123,109.4612966,82.89661352,12.87602508,0.542968372,49.43084761,33.38688544,60.38552863,3.301472283,Very Unhealthy
1/8/2024 8:00,60.3250473,84.98645759,39.48129363,12.50332861,0.633335966,5,20.97414124,30.83889763,1.435207287,Moderate
1/8/2024 9:00,96.33835193,94.40141059,23.72313425,10.24886844,0.861316709,15.43112337,30.38424072,44.93357604,2.768315359,Good
1/8/2024 10:00,53.38357917,126.195269,28.60463606,10.03531579,0.439355142,5,14.15161291,68.79091098,2.951967587,Unhealthy
1/8/2024 11:00,128.0042292,65.49192987,52.22668564,6.698394303,0.681295786,38.27860614,19.02905299,59.20811881,1.775782356,Good
1/8/2024 12:00,75.64168369,101.0601993,36.69905616,13.4941421,0.895235978,36.99359079,20.20610772,47.0523795,4.7679132,Moderate
1/8/2024 13:00,38.57106109,78.19983563,13.42583033,12.10486472,0.700141879,33.46607574,18.23745655,49.41747213,4.291088481,Good
1/8/2024 14:00,33.22768755,90.86234469,48.78843402,12.46009424,0.771983942,19.14844611,17.08205805,59.34776178,3.750680784,Unhealthy
1/8/2024 15:00,72.06181038,128.3535559,24.97783872,7.369825787,0.641200366,16.55532493,27.06499456,20.41053095,0.850972399,Moderate
1/8/2024 16:00,54.41343037,95.73297204,63.09946664,1,0.345658907,49.28739727,23.92966151,25.49569079,0.977585087,Moderate
1/8/2024 17:00,77.85001235,91.39309644,51.20072099,15.48576356,0.896477963,28.98896137,26.89702699,81.68806474,2.717516056,Good
1/8/2024 18:00,71.83094061,49.20431577,28.29017157,7.60581272,1.326479921,46.32716643,28.45236343,25.45152924,1.223210071,Moderate
1/8/2024 19:00,58.17927718,112.387607,54.21524543,5.68612118,0.805520489,22.29502628,26.32808497,69.47625173,4.902194586,Unhealthy
1/8/2024 20:00,38.83015705,109.3645254,36.01783266,13.46739456,0.867579235,43.62125486,28.28881588,84.40267149,1.213341053,Moderate
1/8/2024 21:00,22.12881938,154.8976417,47.79160513,8.0399368,1.007816827,66.06556075,24.65233857,38.9478523,2.69360526,Moderate
1/8/2024 22:00,48.8371262,80.76665295,42.27099226,15.29968192,0.419200851,51.72331601,19.06503306,45.93440059,2.138544756,Moderate
1/8/2024 23:00,81.40996986,96.57450983,22.30465018,13.08502975,1.310754397,31.75172364,30.2890709,59.82449841,3.377238897,Very Unhealthy
1/9/2024 0:00,65.3523436,97.48151051,25.34675252,13.41784662,0.860698639,45.14397941,22.05443934,81.71962787,1.08066384,Moderate
1/9/2024 1:00,28.85653053,137.3235984,50.44941226,3.170221444,1.28955707,35.18669651,20.32201851,85.93339111,2.436423926,Unhealthy
1/9/2024 2:00,64.32952315,87.14113403,29.97837002,16.05971993,0.580090101,40.15760369,24.11041062,71.76942737,1.736172648,Unhealthy
1/9/2024 3:00,69.63293449,98.37064577,28.94527305,11.30625266,1.345418577,33.48777896,20.4359454,26.06338326,4.494881861,Moderate
1/9/2024 4:00,37.90356409,108.2368953,20.67316131,8.153614304,1.032546648,36.71329588,22.91284809,66.84079089,0.682635705,Good
1/9/2024 5:00,63.84312765,95.59827369,41.35398598,10.71694234,0.965912026,44.24186706,26.72026961,48.72126053,4.611773723,Moderate
1/9/2024 6:00,61.45521796,76.60699156,65.93787379,1.118823836,0.870207336,20.13282601,26.7417087,52.94906996,4.248473623,Unhealthy
1/9/2024 7:00,31.42574255,95.82269979,18.98700629,12.04326406,0.725441415,19.68242346,20.51084967,23.44038732,1.839068224,Good
1/9/2024 8:00,68.94468401,122.2089525,35.36329185,4.853142459,1.160159498,12.22914892,22.56147314,33.37434975,4.051807946,Moderate
1/9/2024 9:00,74.01961316,59.20454102,56.18330833,3.236648571,0.842107961,7.99457791,30.37166502,75.33595253,0.640461022,Unhealthy
1/9/2024 10:00,87.07628108,93.98909022,33.80537913,2.388204069,0.209879089,15.65434616,27.48200059,51.77711831,4.850894976,Good
1/9/2024 11:00,86.3450513,68.99637555,41.78557694,15.56344187,0.464844061,43.18925014,35.3753252,41.11635691,2.869677242,Moderate
1/9/2024 12:00,25.5582658,125.8513989,19.06409708,6.853683032,0.744246274,22.14424969,30.90064087,46.88133518,1.864764617,Good
1/9/2024 13:00,36.554374,44.30439286,41.42460646,17.66863855,0.892999695,50.27228928,30.72146534,79.80796593,2.131624457,Good
1/9/2024 14:00,72.87588168,73.23234458,32.19283602,7.320992685,0.783023453,40.69427498,18.06065725,72.42993122,0.798824091,Unhealthy
1/9/2024 15:00,72.84464877,101.3163563,49.78594994,1.463210212,1.165691237,5,28.81930176,39.0620778,4.952072813,Good
1/9/2024 16:00,72.87619216,136.9657209,52.81079077,4.4173778,0.214669441,53.09951168,24.73446599,28.22512881,0.676813753,Good
1/9/2024 17:00,156.3182873,88.02749217,73.84345463,16.1790581,0.843076381,56.21597291,22.24509098,37.63987552,3.447082054,Very Unhealthy
1/9/2024 18:00,74.27226277,73.3440142,43.6944976,9.22050911,0.254606232,20.1227465,25.8400767,84.45295157,2.492311675,Good
1/9/2024 19:00,88.389141,146.4347121,39.88694475,7.258563518,1.027913689,48.40383086,29.72605767,60.71121865,4.770122982,Hazardous
1/9/2024 20:00,83.85004409,46.55958299,37.91576452,10.80009113,0.771662386,22.87003525,27.50415796,57.34361461,1.606998831,Hazardous
1/9/2024 21:00,76.28478128,24.0358213,29.70250561,12.50891368,0.925882992,41.95340753,20.60763099,61.74755198,2.894390708,Good
1/9/2024 22:00,52.11826888,103.2004335,40.07725765,15.58699408,0.540835112,14.71003186,28.71229457,45.6219786,2.670602939,Good
1/9/2024 23:00,78.97423051,74.93837327,30.56897885,17.24249615,1.183839479,5,21.81206229,76.49749142,3.662898998,Unhealthy
1/10/2024 0:00,40.67936964,59.36301549,37.52691464,8.201156771,1.112517399,32.34365621,26.08341559,56.63003745,0.806046044,Moderate
1/10/2024 1:00,54.07953483,111.2506934,54.76396303,3.36976157,0.975063291,37.52542107,23.48324966,28.17235319,1.372051085,Good
1/10/2024 2:00,47.8659113,97.31402141,19.90186152,7.932674194,0.761144826,32.04640613,23.90566874,29.03455874,1.46554169,Unhealthy
1/10/2024 3:00,62.04685348,73.07764108,52.09817842,11.30140253,0.973957186,16.31938884,28.83121488,57.58014026,3.821678397,Good
1/10/2024 4:00,117.8664642,51.59086804,54.75672601,5.181205369,0.58793223,32.00201876,19.7990314,85.55991526,1.351124133,Very Unhealthy
1/10/2024 5:00,13.31837019,116.1737198,33.2289721,5.214245426,1.056666698,45.38589505,34.72597537,41.58464852,3.080712938,Good
1/10/2024 6:00,77.15650476,109.5060353,5,11.71893941,1.294844268,39.1021394,15.89456965,80.86788182,1.468597192,Good
1/10/2024 7:00,19.68210322,87.02472409,25.88267019,9.756738242,1.121183168,43.65002061,22.01166158,73.48669106,4.377312275,Good
1/10/2024 8:00,48.20170336,145.3991099,54.4549182,10.16398498,0.581119259,26.59769599,26.85105945,37.346871,4.739834545,Hazardous
1/10/2024 9:00,87.22376492,57.89745701,34.65697907,6.207523326,0.908425195,63.43435829,27.92157083,22.54385238,2.833218387,Moderate
1/10/2024 10:00,61.60700048,44.23424487,20.01046652,8.847996429,0.412057537,16.47653327,24.4976214,27.12930856,2.085389979,Unhealthy
1/10/2024 11:00,33.05638055,69.2427579,27.42837618,5.378834279,0.971717093,49.75120594,24.71304648,70.99457537,1.553259988,Good
1/10/2024 12:00,42.11740727,88.63241951,47.6093004,14.45099206,0.935181024,63.63782186,27.05275043,33.97688166,0.724014507,Good
1/10/2024 13:00,76.98994372,97.30018348,43.20100352,15.17624667,0.239055098,49.61816185,23.84465261,45.98896444,1.708250343,Good
1/10/2024 14:00,41.74083421,82.76291826,31.41601851,1,0.451464847,35.94951546,31.96590629,55.11894162,3.44406101,Moderate
1/10/2024 15:00,65.41146474,100.5616619,29.49763382,5.352445699,0.715058331,29.43405907,29.19674557,70.78277179,2.901276191,Moderate
1/10/2024 16:00,61.139296,52.45381727,29.12362776,2.517353725,0.709742076,60.72175302,29.36412176,27.92618563,4.748185752,Moderate
1/10/2024 17:00,43.70999131,133.3129381,21.16384723,6.749880328,0.437156919,11.54050149,20.16921638,48.44564837,2.283247681,Good
1/10/2024 18:00,113.5986022,87.53546465,59.23063534,9.582810151,0.916693619,20.59751479,24.60305788,53.95510364,3.62238504,Very Unhealthy
1/10/2024 19:00,75.84797556,123.5188749,30.16519296,2.751773902,0.875442083,32.04884469,23.49767026,57.85789448,2.701952364,Good
1/10/2024 20:00,9.371435334,100.2817604,53.25737781,5.390700934,0.74171926,64.75307515,19.97199312,77.2852449,2.806592972,Hazardous
1/10/2024 21:00,64.66135787,103.7025966,57.81974078,4.98021314,0.57326255,47.59535272,26.80082092,32.01747365,1.704984416,Good
1/10/2024 22:00,43.45533838,107.0930184,49.97466347,11.03633665,1.114612138,20.63908483,22.31177121,76.54820163,2.547278496,Moderate
1/10/2024 23:00,81.31083337,103.4312568,28.52569531,10.34672169,1.296622134,33.79384589,28.27701915,68.50148994,2.618532487,Good
1/11/2024 0:00,40.18698154,109.2816828,41.05595136,6.391312233,0.654931555,27.71353712,19.64904219,58.91095699,3.679891348,Moderate
1/11/2024 1:00,57.13158896,129.8745759,34.6370659,10.88410436,0.616349925,25.80422016,33.59520306,68.96695093,4.732879996,Moderate
1/11/2024 2:00,72.62468197,95.89563509,21.44447209,7.266599577,0.9473623,59.57779117,20.51833671,48.84124173,1.981945749,Moderate
1/11/2024 3:00,81.64387985,111.2701127,39.86538923,8.641724448,0.692591186,12.56513741,26.09651169,29.68783102,0.689902109,Moderate
1/11/2024 4:00,29.99258982,87.30792917,17.31440313,18.36726045,0.75818084,72.17561711,28.95929655,66.60356682,2.733328065,Unhealthy
1/11/2024 5:00,51.6374691,133.2035165,52.81519083,16.70230526,1.021895946,56.5645938,22.14679785,56.72706147,2.950075995,Moderate
1/11/2024 6:00,48.12636722,69.70823094,28.03074054,3.502093815,0.227193174,61.81723341,29.26234322,64.75623604,1.25798248,Unhealthy
1/11/2024 7:00,43.66676919,144.028213,38.01739484,14.14866209,1.195490697,30.74120976,18.85408201,43.65991467,3.922090728,Good
1/11/2024 8:00,104.136356,88.79526148,39.24931807,14.05698277,0.821804157,37.00118562,32.2605885,83.48066041,4.932180988,Moderate
1/11/2024 9:00,70.12454277,47.07674694,31.11642539,4.258683556,0.676552057,11.33696371,25.07074632,61.1158908,4.755986227,Moderate
1/11/2024 10:00,28.47790114,93.84313245,43.80040702,14.09388822,0.773229754,29.50675186,22.01794296,25.9781739,1.386977175,Good
1/11/2024 11:00,82.94654868,69.56845028,27.87644515,17.68965959,0.788728807,49.87309695,23.50409114,51.48627935,4.43913458,Moderate
1/11/2024 12:00,113.0539049,115.2193065,48.06945946,4.387275969,0.280639609,65.92126124,29.04459635,72.94492383,3.670221364,Good
1/11/2024 13:00,85.81163151,70.42128062,14.8103048,5.412485895,1.248481468,17.85686366,22.07772354,75.58941932,2.542309537,Good
1/11/2024 14:00,22.01575085,76.614497,36.89569369,15.08830733,0.81239769,32.68988126,21.25321155,54.62179369,2.932749474,Good
1/11/2024 15:00,47.89414818,33.31377807,64.08393499,11.35747655,0.932900639,36.9740156,23.89231701,82.63232996,4.323200787,Good
1/11/2024 16:00,91.67277873,76.43081042,19.99503013,12.75738138,1.085464931,12.08421596,19.11518944,38.7367906,2.660607228,Moderate
1/11/2024 17:00,42.30826336,17.2836202,24.83382544,11.70294608,0.493651263,51.82698484,34.10271954,48.74190881,2.179433161,Moderate
1/11/2024 18:00,71.0954857,42.4829153,42.70861774,11.9534796,0.94204157,25.52019337,22.16802704,82.90178374,2.719613719,Hazardous
1/11/2024 19:00,79.36585134,112.8124397,37.69372673,3.367639358,0.719707673,36.09219298,29.15808393,82.73797015,3.106084118,Unhealthy
1/11/2024 20:00,36.82673821,113.5740048,40.25945149,15.23658853,1.054031233,30.96101256,26.04735042,67.99989382,1.350849442,Good
1/11/2024 21:00,58.5118661,102.7637269,42.33780695,15.84794996,0.161831774,24.21322989,20.07732975,80.1286383,4.554084786,Very Unhealthy
1/11/2024 22:00,5,60.99071571,44.52082203,8.85304628,0.77027171,39.85910029,24.97022645,26.21412869,3.53384127,Very Unhealthy
1/11/2024 23:00,34.39030897,88.56865932,51.64549763,9.782615251,0.619153803,35.68780843,28.9200139,80.54964833,3.349710128,Moderate
1/12/2024 0:00,53.68579622,89.89192383,41.14727985,2.344462487,0.929678885,32.56284235,24.05869332,42.44339346,0.947733018,Moderate
1/12/2024 1:00,28.80542045,55.24905932,31.38113518,12.57127378,0.941013256,25.43076757,30.96556473,32.48320587,3.218782722,Hazardous
1/12/2024 2:00,100.8102826,135.1019491,45.08860552,12.86028721,0.587712232,46.39049342,30.10757696,36.75588854,1.04432298,Moderate
1/12/2024 3:00,24.24646555,116.3208687,63.49822902,9.689044915,0.586347841,73.07234537,29.59457427,49.25779556,0.854139538,Very Unhealthy
1/12/2024 4:00,48.99888783,83.37107479,33.0104938,15.6217668,0.766800389,42.79774466,22.70171614,37.58344032,2.87289903,Good
1/12/2024 5:00,63.26851443,90.80657517,20.38206043,8.329613845,0.531007332,59.9223643,19.60078776,42.43973102,2.312534903,Good
1/12/2024 6:00,96.03183223,96.25148424,51.60621004,12.82302963,1.052595109,12.1955615,21.93206197,29.44849403,3.149646216,Moderate
1/12/2024 7:00,24.10344622,28.74795395,33.19428254,4.901678307,0.68923784,43.15522879,25.9812047,40.73237359,0.901499756,Moderate
1/12/2024 8:00,89.0790938,82.58467852,5,9.882239246,0.1,18.05263362,27.72893357,60.05986702,2.439423783,Unhealthy
1/12/2024 9:00,60.25582653,69.54047256,47.71132516,9.12822871,0.687553383,10.46150145,14.14214298,50.92975957,1.286540218,Hazardous
1/12/2024 10:00,35.46228372,59.9513997,26.97007721,11.12653961,0.488436854,25.21257185,24.95943399,44.27031329,4.941950387,Good
1/12/2024 11:00,71.55258686,81.56699121,33.64200077,8.152365356,0.310617255,63.83798669,25.79044613,72.25164902,3.025175956,Good
1/12/2024 12:00,64.97649239,143.9305958,39.97970496,9.342637022,0.428772009,59.00031657,23.61227872,82.545698,3.593465874,Unhealthy
1/12/2024 13:00,44.99457807,109.2252858,37.8574952,14.13023586,0.832822542,44.86009444,31.4563692,72.9752456,1.964382263,Moderate
1/12/2024 14:00,61.74505212,72.86463031,45.64177726,7.816178814,1.198592248,9.345988802,27.10890037,43.24004915,0.926325117,Good
1/12/2024 15:00,50.36716008,107.1774834,28.46770444,1.967114496,0.893955342,36.07438697,31.55095954,72.11095175,4.891418883,Moderate
1/12/2024 16:00,62.83793363,131.9806631,42.69658697,18.74791952,0.618048984,46.03400018,23.9201974,30.63861277,1.788165659,Unhealthy
1/12/2024 17:00,76.55326686,117.7390105,31.10679984,16.90727039,0.936771259,43.51072459,29.68738746,29.12225917,2.407136833,Unhealthy
1/12/2024 18:00,99.6504204,91.7889111,46.08215721,3.538686524,0.662272907,5,33.17533197,44.19389259,3.424387648,Moderate
1/12/2024 19:00,29.05461253,70.59189667,44.23051226,13.44853903,0.591619889,22.19364304,31.55846725,76.53916583,0.61113784,Good
1/12/2024 20:00,113.3258344,110.9466994,20.96841947,7.485126147,0.4536912,38.71844472,19.53929203,37.24437731,4.146166087,Hazardous
1/12/2024 21:00,11.19780501,101.8045616,51.28973174,11.31743608,0.274451358,50.72581819,23.73161961,24.42773862,2.914601855,Moderate
1/12/2024 22:00,56.20537262,116.8557966,26.96054832,11.47112065,0.683022888,5,23.27417647,29.21966746,1.751977342,Moderate
1/12/2024 23:00,74.70793016,109.0551541,47.12086697,8.827960998,0.847416047,36.75752049,27.44627268,80.1121478,0.777235934,Good
1/13/2024 0:00,67.02479669,121.4865815,40.5093097,6.081171672,0.771012899,42.8609754,28.43176778,64.36482993,1.23124287,Unhealthy
1/13/2024 1:00,44.432512,73.94294365,62.57275515,6.547294738,0.675209922,56.99223977,20.80553663,37.72408144,4.527652365,Good
1/13/2024 2:00,54.79694374,129.521822,31.64801026,5.419040423,0.516276182,53.85715168,25.33919257,58.87070777,3.587109008,Good
1/13/2024 3:00,47.67497663,95.92798814,29.76024806,5.840888959,0.982473858,51.65142638,14.90036334,56.93057357,1.624557747,Moderate
1/13/2024 4:00,45.26588108,152.2578262,34.70870591,9.66410855,0.404860424,24.00118987,32.20972503,65.88051849,0.795203442,Good
1/13/2024 5:00,81.24005243,69.32436546,30.45230326,6.421200054,1.032808374,5,22.4381288,36.32312881,3.607768906,Moderate
1/13/2024 6:00,68.92538715,142.0789141,46.99912853,13.41026033,0.499334894,32.13894486,25.2793197,80.5082091,3.075834767,Good
1/13/2024 7:00,42.67726012,95.9373235,10.75534087,17.43623078,0.574269429,60.0326365,23.45175143,41.65579935,2.32033786,Moderate
1/13/2024 8:00,82.48999689,70.45745989,19.19476371,7.099733793,0.359964443,67.86909055,30.73013788,68.58921578,2.136251521,Good
1/13/2024 9:00,67.68248802,75.48342498,18.98295618,11.1970225,0.649579356,54.21098205,10.81246779,21.12872525,1.475664242,Good
1/13/2024 10:00,80.32155297,80.38958075,49.25461388,12.49842555,1.092593738,48.58681646,24.91694829,46.08599909,3.513250654,Good
1/13/2024 11:00,75.74072105,102.7249784,60.65920059,12.36001135,0.954688427,47.59279297,24.47090621,44.61968726,4.868006125,Very Unhealthy
1/13/2024 12:00,39.27512473,105.6850646,33.43326172,10.37977634,1.093526634,28.87762506,22.73181806,58.04391,1.290718606,Very Unhealthy
1/13/2024 13:00,45.995474,72.78899988,32.46767415,13.71341209,0.956642764,37.39879413,33.63113273,25.09153832,3.18702479,Good
1/13/2024 14:00,78.68234013,89.26936223,36.05078245,12.41124476,0.468899051,73.38139052,20.56335271,75.30919616,2.408832751,Unhealthy
1/13/2024 15:00,75.25925664,154.2681108,52.42817454,3.811687888,0.700763233,21.14883988,28.85898089,35.24465612,2.510099248,Moderate
1/13/2024 16:00,59.47746015,141.8262951,21.08970299,14.34578032,0.565940261,72.29557581,26.78126394,67.39264704,1.643662761,Hazardous
1/13/2024 17:00,62.93318458,103.0897101,38.57553474,14.43645419,1.199172471,33.55943691,31.30759626,76.22484863,4.21310694,Good
1/13/2024 18:00,91.94162239,91.14010435,49.62796445,6.183569479,0.440963406,66.50864218,21.66405458,59.33138694,2.683650219,Moderate
1/13/2024 19:00,45.21071528,93.6009398,42.51641255,10.18968918,1.068109307,11.86369981,21.3351555,71.86182447,2.945326335,Good
1/13/2024 20:00,73.67743453,108.4055392,37.84372425,13.41664496,1.067886161,51.71808402,30.48034954,66.33022186,1.871424108,Good
1/13/2024 21:00,54.94518369,59.31622304,50.01569139,8.953430902,1.348886061,25.26459728,27.12660654,44.8870858,1.318138096,Hazardous
1/13/2024 22:00,54.55796992,82.27870388,5,15.36489024,0.677094022,11.69465616,17.27531327,76.62009773,0.886596747,Moderate
1/13/2024 23:00,87.4694213,39.94247778,45.16812979,21.81936247,1.013696648,44.37068085,22.30347493,40.62909589,3.713536134,Good
1/14/2024 0:00,80.63540872,101.9766937,25.18886475,6.070069837,1.484495551,60.18943577,26.93191327,59.98490424,1.383054268,Good
1/14/2024 1:00,80.3377409,109.4158782,7.540506547,3.094776984,0.614707497,23.10117123,29.18882111,72.17784174,3.605339094,Unhealthy
1/14/2024 2:00,92.63697018,75.50440613,42.66803899,11.51909298,0.339487926,10.01968079,21.60384673,46.52691369,2.256694007,Moderate
1/14/2024 3:00,60.52509604,137.2196029,55.60487818,13.60781253,0.23599699,38.16310471,10.42872005,41.19373253,2.370986604,Good
1/14/2024 4:00,77.04882428,53.22703011,32.93827228,8.845668131,1.013813609,38.25129342,27.61611593,52.15422071,2.611298732,Hazardous
1/14/2024 5:00,52.24333109,46.06875359,49.29311821,17.26630332,0.235054938,50.96639255,18.89839655,77.2574446,2.154688287,Good
1/14/2024 6:00,68.10415881,96.73355456,59.18417387,3.306971001,0.688304284,58.99189143,14.91330601,85.09452342,0.952789898,Good
1/14/2024 7:00,56.74642364,121.4129491,54.7237168,13.46459312,0.931193956,38.81169637,10.83837038,58.1558389,1.893343145,Very Unhealthy
1/14/2024 8:00,62.42489912,140.5178307,59.59946794,6.970695896,0.855552661,77.1100663,29.0699043,66.30263437,3.486804623,Good
1/14/2024 9:00,74.87892564,76.23347211,46.13191237,18.59688953,0.927633459,44.48469489,25.64308725,83.22915356,3.496029807,Good
1/14/2024 10:00,39.54448292,122.360425,36.13150458,19.96257677,0.866686957,33.07146988,23.8717181,26.8982796,1.788009383,Moderate
1/14/2024 11:00,112.3096819,88.84474591,10.97051282,6.166717061,1.183659744,7.768652818,31.94512181,36.24550045,2.57046182,Unhealthy
1/14/2024 12:00,34.84956546,84.821181,31.30906268,7.25221432,0.514305086,34.74680959,28.18662342,69.62300044,1.370512526,Good
1/14/2024 13:00,29.64528468,116.5097981,22.35130107,14.29793943,0.596901458,33.27226109,33.08150021,77.66211233,1.446674367,Very Unhealthy
1/14/2024 14:00,88.95277184,109.5696864,67.56414076,8.064346751,0.568202166,59.20609593,18.03632264,79.99203198,0.603711898,Unhealthy
1/14/2024 15:00,79.79156735,42.70823529,32.36171281,9.77294391,1.049057544,49.24967248,24.82724688,49.05750238,4.535359475,Good
1/14/2024 16:00,75.60299543,134.2962105,36.8480721,10.1269421,1.070119577,16.41261757,16.91643313,26.25379316,1.448179993,Unhealthy
1/14/2024 17:00,75.70863773,131.4027406,43.27228064,1,0.935367596,43.44508773,23.85308834,50.64470341,1.523902446,Good
1/14/2024 18:00,59.69383068,71.23311895,35.6540367,9.93081127,1.1550481,53.43062343,23.75692073,36.15142131,1.758206447,Moderate
1/14/2024 19:00,37.56864071,101.874106,60.42576561,6.55136113,0.44658774,70.56062719,28.13306819,40.38375185,1.073336323,Unhealthy
1/14/2024 20:00,61.89511395,104.8209056,25.66025957,7.534385888,1.300167233,57.75007935,25.22781941,74.05872898,3.376682974,Hazardous
1/14/2024 21:00,43.07095721,97.82021297,37.91911183,17.21816002,1.256971587,55.21693309,28.11703569,25.28689602,0.838143289,Good
1/14/2024 22:00,84.37799334,73.49084538,23.86294121,3.717465529,1.020686599,41.20171989,28.51720067,77.93068522,1.103910918,Moderate
1/14/2024 23:00,56.32356546,69.85129896,15.19966233,14.06602593,1.334539673,47.76624011,35.77464339,49.93683601,3.40140527,Moderate
1/15/2024 0:00,39.36257008,89.23337787,25.82346364,8.605185348,0.303013038,64.99009801,23.42351672,61.72447518,2.028472792,Good
1/15/2024 1:00,51.96535396,125.1818706,34.44444804,8.601199158,0.642665559,13.34445205,20.2948865,26.27565619,3.68576522,Good
1/15/2024 2:00,70.32328636,106.3080046,28.56046663,13.95185948,0.579408962,33.01121346,26.23041808,43.61513549,3.008411351,Good
1/15/2024 3:00,45.90688618,78.88157004,24.6136853,11.70025647,1.016443797,24.54862502,20.98859986,26.27906433,1.652095279,Moderate
1/15/2024 4:00,39.44449011,113.1509613,13.90523804,12.85306499,0.484957778,47.58306237,32.40980384,87.3080606,3.428725777,Moderate
1/15/2024 5:00,66.09218029,10,33.75341641,14.8409233,1.027248545,64.60444351,23.58390981,76.50831545,1.023231561,Good
1/15/2024 6:00,66.12416428,124.462971,12.42919439,8.343458084,1.211160843,28.06051427,22.17211816,52.1742928,2.913846724,Unhealthy
1/15/2024 7:00,47.32642062,37.80858664,46.40083946,6.938816327,1.00856087,5,22.64342139,35.65217838,2.467166473,Unhealthy
1/15/2024 8:00,48.22404236,79.12677176,36.23659629,4.574247367,0.885125307,31.7555851,28.59208712,85.34185737,1.705431123,Moderate
1/15/2024 9:00,65.80124843,56.40990316,13.13672751,5.87294735,0.503637998,58.26947464,24.21126508,44.1217617,3.21802249,Good
1/15/2024 10:00,23.79789146,51.15955573,30.36186384,24.74547213,0.54594471,50.75259806,21.7916659,31.26891022,4.421001166,Moderate
1/15/2024 11:00,24.81340564,124.8248036,23.71765392,16.2233979,1.174885672,48.56372496,33.32675959,59.42150719,4.995071149,Good
1/15/2024 12:00,42.03889447,75.96896396,39.78761766,3.244628169,1.033804701,34.40013396,20.7191508,86.06418842,3.234932459,Good
1/15/2024 13:00,54.66382121,100.3951165,55.10675669,3.387710216,0.788294144,14.41938528,25.17783037,20.26812034,2.321176434,Unhealthy
1/15/2024 14:00,67.77268914,88.59238263,6.872412955,12.40933031,0.674627136,50.30588643,28.26153076,36.66873903,1.513431951,Good
1/15/2024 15:00,96.88390542,104.3112248,36.72539119,12.73632399,0.192257638,23.3143638,16.84332445,85.69133483,1.656932402,Good
1/15/2024 16:00,81.44149058,92.30465673,32.59800807,12.74441918,0.478744274,83.68193467,27.40130251,31.97601768,2.657547402,Good
1/15/2024 17:00,56.00153675,51.51023327,45.07010115,8.725221032,1.373425726,51.41014417,19.72446162,27.92704161,2.152749656,Good
1/15/2024 18:00,59.5245948,119.8880046,38.19794942,9.3727287,0.415863329,28.38703395,29.1139139,59.91310511,4.612165352,Good
1/15/2024 19:00,34.93676588,75.18730251,23.72046002,11.63939762,0.856843946,27.77229505,20.18674494,80.32906763,2.157329604,Hazardous
1/15/2024 20:00,59.5371716,43.30254304,30.21419097,10.42946503,1.102233192,38.14111587,28.46384516,53.39768724,2.18050066,Good
1/15/2024 21:00,52.78353403,77.15654517,23.05961215,1,0.4235232,35.20996156,30.52916533,89.61949797,2.225905306,Good
1/15/2024 22:00,68.06796401,135.0227937,51.14010708,8.851001847,0.855413142,62.33667551,29.30718263,67.54201897,4.264790947,Good
1/15/2024 23:00,39.31922641,115.5066523,35.31967473,5.742967829,1.081374661,43.72832339,26.25658324,25.1852435,3.428547444,Very Unhealthy
1/16/2024 0:00,72.98366286,79.54043597,63.51786029,10.87605709,0.803749797,25.36736522,23.84349529,89.49824922,3.263759826,Moderate
1/16/2024 1:00,98.31847283,79.52226887,34.09008779,24.92629501,1.660520917,77.8088137,22.11790212,48.55259657,2.003643601,Good
1/16/2024 2:00,57.28099629,80.35094846,24.3738985,11.83740833,0.299420222,40.98616663,32.35517345,40.11817737,4.180568796,Very Unhealthy
1/16/2024 3:00,70.04279305,152.3024395,12.29428411,8.432351569,1.117618559,55.37679352,21.5025239,59.05154285,0.672637376,Good
1/16/2024 4:00,77.25359979,101.4580636,7.952904856,14.60900751,0.748159479,27.83546985,19.81466963,41.30153143,4.418587276,Good
1/16/2024 5:00,49.9694882,102.9012494,11.23796085,12.41343944,1.031576046,47.26231255,28.32684468,26.0520255,2.807374549,Good
1/16/2024 6:00,65.60231205,120.9085036,39.00689977,12.10047245,0.932392146,46.22219982,21.01931598,20.09998402,2.292126057,Good
1/16/2024 7:00,60.31481002,97.16367477,42.63087535,13.03425297,0.580053141,5,20.24968251,51.4708347,2.737252763,Good
1/16/2024 8:00,62.44190246,82.22873563,11.28213947,20.28271782,0.868698918,80.30550221,17.78197869,78.58043956,3.503369887,Moderate
1/16/2024 9:00,40.6747554,84.10950453,48.42557471,4.345557823,0.242629565,65.81288922,22.5854508,60.06206299,0.557444419,Good
1/16/2024 10:00,60.61275436,87.85196222,27.75408422,12.36816038,0.98097425,32.05609368,24.58642488,89.94451093,4.421983354,Moderate
1/16/2024 11:00,72.44995728,88.8833329,37.20189518,5.36809435,0.88944754,17.95460519,26.21545864,40.0792652,2.510327864,Good
1/16/2024 12:00,96.27859019,111.8288863,59.18330942,12.77756323,0.991598051,46.95123228,29.75653122,39.63185453,2.043349339,Good
1/16/2024 13:00,83.98177065,91.55837657,48.45258974,5.406567443,1.117435498,41.73395399,27.63448962,31.18246222,1.122105045,Moderate
1/16/2024 14:00,113.8295614,111.9792023,30.97204028,7.913165932,0.910285952,47.11337897,24.0456389,31.48445118,2.477594185,Very Unhealthy
1/16/2024 15:00,40.81631093,87.5785026,21.63211662,8.524550429,0.844426826,43.83154792,24.00902162,39.96306172,2.733452471,Good
1/16/2024 16:00,81.80801592,92.35905571,5,14.8790836,0.535679499,50.12481979,27.55078734,75.49880317,2.316410125,Moderate
1/16/2024 17:00,64.58355014,30.05397946,24.21270021,14.59227222,0.586333771,68.94611399,31.36285081,83.40297534,3.553970422,Good
1/16/2024 18:00,114.7450733,117.4898302,31.83304642,3.771413118,1.156020386,51.3620641,25.631571,88.25610188,2.394034379,Good
1/16/2024 19:00,39.79254287,100.3946543,20.19230709,10.27467055,1.230900622,19.00689002,22.65434573,36.26027579,4.8263791,Good
1/16/2024 20:00,39.00695395,119.9403033,33.03114549,6.452100726,0.728566869,67.25125705,20.03566999,81.69082819,3.19674883,Good
1/16/2024 21:00,45.01518386,10,36.15277824,3.707475447,0.813800824,72.81229127,17.77397368,42.97785625,4.13365071,Good
1/16/2024 22:00,6.902606892,152.6512411,31.62716027,8.914914748,0.528615688,103.0411347,28.33134836,27.89883812,0.992101564,Good
1/16/2024 23:00,46.85612446,85.81231116,25.24996129,8.457586058,1.151827054,17.53011934,27.88989262,80.90174479,2.287810818,Unhealthy
1/17/2024 0:00,41.02168346,123.2454845,37.52982008,22.13358243,0.999625047,44.85764026,27.88681763,64.52739443,2.015814657,Good
1/17/2024 1:00,63.75984466,58.80282219,41.62910974,12.16479913,1.382365231,5,24.35670277,31.53116273,3.062670747,Moderate
1/17/2024 2:00,68.54389939,108.3832172,18.64401384,3.111912496,0.536503077,51.06298313,32.03467373,50.08818803,4.37501084,Good
1/17/2024 3:00,106.904271,58.3975331,56.1639857,7.176129979,0.68659763,29.03599404,22.57940753,40.10803864,0.85252198,Moderate
1/17/2024 4:00,83.76059595,71.28693118,33.52117802,15.10691648,0.869433777,78.4689159,29.77634619,71.57561981,0.826586591,Moderate
1/17/2024 5:00,45.57740861,147.4209406,35.28274434,20.44221386,0.993946861,24.5077006,24.80628553,51.73913614,4.326429687,Good
1/17/2024 6:00,37.53963322,84.27952798,45.62321635,2.070083439,0.735299709,6.216339241,21.95824618,89.24959616,1.457825387,Good
1/17/2024 7:00,72.29797929,96.5229862,38.49824197,1,0.538111673,30.57472519,27.96265154,23.83214876,3.509389645,Unhealthy
1/17/2024 8:00,26.99416982,116.1020319,49.29704951,19.35482588,1.064422259,5,27.04818059,44.85106863,2.942951596,Very Unhealthy
1/17/2024 9:00,105.7864691,104.8704566,39.30686248,11.94807089,1.016340609,55.02198909,26.7848638,53.7330117,4.248021177,Good
1/17/2024 10:00,89.48600302,94.51256715,25.81343938,5.658536341,0.52511777,5,25.40639211,55.21934883,1.062900094,Good
1/17/2024 11:00,48.2706087,100.9488301,40.42255288,12.67314543,1.20663284,40.56915162,24.81053459,42.11550757,1.084023346,Very Unhealthy
1/17/2024 12:00,17.17163677,162.1024676,17.84410689,1,1.151059613,5,36.94185996,71.04681744,3.005682621,Good
1/17/2024 13:00,93.84680935,88.27143609,36.62839559,10.01687753,0.840288949,33.59404391,30.92128323,81.23229514,4.75870394,Moderate
1/17/2024 14:00,57.13650387,96.0329714,34.50155014,11.63910586,0.823879359,72.86756312,28.61413447,85.71035114,2.367489913,Good
1/17/2024 15:00,90.9454078,121.5196319,31.87824714,14.6213507,0.966217331,47.21295783,25.55899579,76.35653638,1.971239451,Good
1/17/2024 16:00,20.13930853,123.165778,33.07193733,4.930520239,0.541489079,22.7301279,30.035786,79.54061381,3.230101954,Moderate
1/17/2024 17:00,45.01562443,125.6109092,6.772264318,10.42843581,0.809009444,39.37593022,27.58997388,58.53817104,4.687018702,Moderate
1/17/2024 18:00,60.13109249,109.1619067,26.76912638,5.37287687,0.154284937,40.36033744,25.13102376,77.81217585,4.266175248,Good
1/17/2024 19:00,61.17451484,55.70985262,36.39267352,11.27691878,1.062936694,49.45260692,23.48217837,41.24527364,4.979676248,Moderate
1/17/2024 20:00,48.74836321,139.002946,37.39784588,5.523268388,0.331552033,12.66283273,24.59541331,47.89351335,0.601558624,Unhealthy
1/17/2024 21:00,75.57124831,55.60963821,19.58487289,7.959495804,1.251025949,51.85134548,9.147871321,42.18391097,1.007861651,Moderate
1/17/2024 22:00,33.30948927,99.07906396,53.98561761,5.020923026,0.700963972,5,26.0530042,52.71711348,3.242604935,Good
1/17/2024 23:00,56.44051287,67.3717245,22.00737728,13.25568121,0.736499905,27.40230895,22.5576196,39.99057314,4.192593977,Moderate
1/18/2024 0:00,63.00739079,88.0758496,49.54185801,14.29225558,0.611679828,30.23452315,32.96334999,87.31280096,1.78359954,Unhealthy
1/18/2024 1:00,72.86097085,99.86287231,41.40791543,8.82689715,0.713588338,52.66653652,25.09672035,41.89912396,1.576449896,Unhealthy
1/18/2024 2:00,77.79037195,99.64071646,25.30659035,10.19118997,1.225559404,40.45261705,19.0551829,26.86311767,4.041391097,Moderate
1/18/2024 3:00,31.8839477,102.6576226,61.62966339,2.757042927,0.1,11.88873892,24.75059923,56.87720162,0.753718342,Good
1/18/2024 4:00,21.64714573,138.4113381,17.09544752,8.50161676,1.183089616,20.30013748,19.76939457,23.99693549,2.162221914,Unhealthy
1/18/2024 5:00,91.94192055,103.606029,48.7873126,9.748976915,0.901407044,43.97360019,27.36703708,27.73802164,2.776141502,Moderate
1/18/2024 6:00,68.3078503,82.67530094,50.00873477,23.10396546,0.437893506,38.41865316,26.45473682,35.35725724,3.021569035,Good
1/18/2024 7:00,41.28783659,118.922615,24.94069686,4.440164871,0.477406282,28.41751781,29.78919816,52.50451749,3.778768206,Moderate
1/18/2024 8:00,98.77879939,125.6841147,55.8869795,17.32088619,1.302917908,30.38332421,21.04559104,50.32756526,2.096805755,Good
1/18/2024 9:00,62.89186586,53.17176555,31.24930228,14.98429387,0.516347936,53.92335994,25.17004048,75.97843034,3.257079551,Moderate
1/18/2024 10:00,89.4824296,107.9220021,39.33040444,11.40318202,0.453994847,29.64614854,18.17489102,71.76322577,3.134189403,Good
1/18/2024 11:00,61.68796204,111.0351823,38.90482758,18.79310242,1.141194363,38.23817512,28.50747391,49.84228058,2.964272453,Moderate
1/18/2024 12:00,111.5186981,81.0730949,32.98536888,11.86052736,0.901565863,83.39873176,27.5943559,43.35929453,3.382174819,Very Unhealthy
1/18/2024 13:00,103.8835211,131.2712044,47.1621241,11.94579598,0.518622327,11.52634726,27.47902511,42.15281488,1.66752127,Unhealthy
1/18/2024 14:00,53.77589629,85.49833239,46.90233081,9.734396735,0.864987493,5,25.00809516,74.17965611,0.880919391,Very Unhealthy
1/18/2024 15:00,84.28927377,93.7672936,8.772020401,16.11784441,0.492274195,55.6717933,27.07386445,23.64506844,1.036722524,Hazardous
1/18/2024 16:00,76.13439874,84.80784527,54.56510364,15.48234617,1.13024642,26.42713877,33.02169554,20.89751547,1.510620722,Good
1/18/2024 17:00,94.21578894,90.46737143,10.06262018,6.871613563,1.118411289,33.63524945,23.57452871,75.68810743,2.75089071,Moderate
1/18/2024 18:00,35.87691349,57.11174739,50.48819307,3.403764027,0.95960186,24.37687244,25.69322592,53.40024632,4.281992377,Moderate
1/18/2024 19:00,77.1512865,46.79847352,51.90057705,8.985096813,0.908498318,34.80399718,19.5693685,29.1616797,3.655820039,Very Unhealthy
1/18/2024 20:00,86.46061217,137.8351519,18.63550355,5.999807178,1.328356437,71.97076224,20.65869519,36.48961542,4.050682719,Good
1/18/2024 21:00,16.03151284,64.59115955,28.83778568,9.682377127,0.799905898,56.04256917,25.48906647,85.27527672,2.079390308,Hazardous
1/18/2024 22:00,30.41853718,60.25822952,18.41442997,16.18719067,0.445437762,57.24447024,30.51966773,80.16520829,2.320941837,Moderate
1/18/2024 23:00,9.019195556,25.39829659,31.77618455,7.713491725,0.934842174,11.67545888,23.71859588,69.68495352,2.271568487,Unhealthy
1/19/2024 0:00,53.26482914,70.83114757,30.37948574,9.785883093,1.425814115,16.97692527,23.82041735,53.75576612,1.36342933,Good
1/19/2024 1:00,77.93855639,50.3073062,46.69490798,10.29011367,0.495572152,5,22.96557378,56.42265383,0.775474962,Good
1/19/2024 2:00,97.5589263,139.2604548,54.65463119,14.24215441,0.69156117,23.81238358,22.32621665,88.26711747,3.159122418,Unhealthy
1/19/2024 3:00,61.85236951,120.2945127,55.93525716,1,0.924933811,59.13406373,26.47485728,87.60393107,4.951475075,Good
1/19/2024 4:00,100.7153886,69.35548964,26.5674796,6.966498526,0.783828545,50.33893031,17.51371177,35.06883321,1.250733672,Unhealthy
1/19/2024 5:00,25.49746354,157.5730742,31.86167189,11.05641846,0.505308926,35.56973474,31.40469788,76.77731964,0.71008169,Good
1/19/2024 6:00,17.41543902,119.4529646,9.748427117,16.00039478,1.136557357,39.55399433,21.67288851,33.80698663,4.007892568,Moderate
1/19/2024 7:00,58.61130753,80.25505849,22.911949,7.540487762,1.496012217,26.22228915,28.60951743,34.94762345,1.63663703,Good
1/19/2024 8:00,69.60163622,15.01782855,49.4727745,1,0.858839438,44.09517765,18.65000701,67.32651239,4.233397124,Moderate
1/19/2024 9:00,59.1826313,158.7282772,59.23374235,13.09855723,0.528779513,55.31756559,28.34420065,48.3500769,3.667715002,Moderate
1/19/2024 10:00,8.313947499,48.312826,16.48476692,6.823188056,0.335311842,7.682264252,28.35972304,85.2081085,4.755530917,Good
1/19/2024 11:00,57.77199901,40.63803759,26.11303611,4.051666705,0.877392794,45.99295376,26.92101036,26.23068144,2.340172561,Good
1/19/2024 12:00,27.38826249,120.677113,34.60391365,6.878273051,1.131163203,58.64869742,20.02785739,55.80679486,3.478864278,Good
1/19/2024 13:00,76.74181372,163.1925722,39.20241738,9.077373212,0.942550324,31.69799422,26.24774095,84.29650713,2.591846514,Moderate
1/19/2024 14:00,69.16495615,131.5281846,22.8559472,6.976276677,0.799278848,54.01401224,19.08471908,83.28795623,3.337649138,Moderate
1/19/2024 15:00,36.50300534,106.9172736,41.36091567,1,0.623218504,96.29308889,23.73618372,30.95704494,2.523195077,Unhealthy
1/19/2024 16:00,47.15332707,107.8426302,27.89240979,14.48533098,0.47235091,37.91314414,30.1470655,45.66463901,1.348845109,Moderate
1/19/2024 17:00,33.51966195,115.6024668,34.78321594,16.37437521,1.050425398,47.866141,28.98350964,63.338498,2.785538372,Moderate
1/19/2024 18:00,58.43302257,112.7678577,43.19426372,13.25760996,1.074131486,25.23885833,25.07591471,31.15764193,2.878628906,Good
1/19/2024 19:00,83.87855801,98.43574272,35.09633405,4.311571648,0.336281064,43.62502325,20.12596712,87.76155204,4.147717317,Good
1/19/2024 20:00,35.35684884,93.12603312,28.45421164,8.99254233,1.276951693,49.2054325,28.22793856,84.03245301,3.809843176,Good
1/19/2024 21:00,72.60116289,88.12220616,33.35585294,9.967393424,0.972221366,43.89684681,25.09690619,31.68651253,3.487062308,Hazardous
1/19/2024 22:00,46.74355954,67.38106233,33.67455561,12.99397195,1.219878394,19.60609361,13.39842201,28.48088229,1.01024193,Very Unhealthy
1/19/2024 23:00,40.17817919,81.57974769,29.44983455,13.34170244,0.397361675,44.12723543,28.91314913,25.9785938,3.742773308,Good
1/20/2024 0:00,57.324241,39.21129557,31.11805906,6.329131006,0.390252753,69.24391877,24.87883583,83.66105648,2.751373204,Moderate
1/20/2024 1:00,34.11894194,87.0498112,58.97970756,10.40997778,0.755309207,48.97271529,31.01225624,33.55366669,4.523447912,Unhealthy
1/20/2024 2:00,46.15876737,60.34226679,43.41379172,12.28640202,0.950835328,59.23974378,19.52364741,49.139945,4.639419204,Moderate
1/20/2024 3:00,30.05305269,56.89232048,30.56779523,17.27911161,1.338908247,35.2597606,9.116480934,51.4195956,0.748204658,Good
1/20/2024 4:00,109.1181283,95.39682453,45.45431607,13.5225327,1.011823674,54.99800479,26.39541929,61.93077309,4.192887022,Good
1/20/2024 5:00,60.8815888,131.7600686,29.99270765,13.94528344,0.727195617,45.58535676,26.45781838,25.02147406,0.669638257,Moderate
1/20/2024 6:00,42.5068623,117.5494982,52.59686956,10.41913314,0.492089238,20.98178541,16.54664186,35.87310322,2.152263316,Hazardous
1/20/2024 7:00,65.34949777,42.88498189,40.54463288,17.05229573,1.169000172,46.3704201,20.10750227,85.20432708,2.94034989,Moderate
1/20/2024 8:00,57.19179876,60.3111559,33.39046784,12.04881398,0.510588372,20.16606673,38.77608872,83.58870751,1.166453594,Good
1/20/2024 9:00,54.47576001,118.2231356,41.71575389,5.694560449,1.288540566,27.3423945,23.47194693,74.69034532,3.858412157,Good
1/20/2024 10:00,75.3541675,60.52537819,11.43685772,17.01684985,0.714684605,43.78656615,28.65479488,21.35808719,0.537596169,Unhealthy
1/20/2024 11:00,78.93769275,83.2610055,18.09848797,13.48951636,1.277174622,45.94488547,21.74670086,42.89047379,1.258695718,Unhealthy
1/20/2024 12:00,46.73747131,106.501563,17.0911249,7.784779894,1.003679387,16.2153507,14.54848551,63.95711147,3.113585734,Moderate
1/20/2024 13:00,45.60454398,60.94966635,37.14414642,7.602535163,0.758901353,61.07971542,24.14870877,39.26331482,3.714744029,Moderate
1/20/2024 14:00,53.12370757,93.16126518,60.98772499,11.48287773,0.644181088,51.44012557,23.6719772,83.67106865,4.624893962,Good
1/20/2024 15:00,5,49.97923515,68.46950219,12.31592398,0.697727637,25.90543129,23.00060881,64.37226233,3.674734934,Unhealthy
1/20/2024 16:00,22.12022345,71.95897068,44.57076652,10.98646133,0.928495008,9.248304071,24.42679582,25.03347021,3.523006716,Unhealthy
1/20/2024 17:00,94.17185669,99.59345802,42.51266712,11.55654337,0.823146949,37.10190842,26.32134136,83.63039122,2.274535159,Good
1/20/2024 18:00,101.1241928,42.21018799,7.984133988,18.49978687,0.621856578,31.08112572,24.24941524,87.04366607,0.505779915,Unhealthy
1/20/2024 19:00,53.77409901,103.2142421,26.859893,15.35771576,0.750310577,42.26280914,18.67996916,25.43986929,1.040716664,Good
1/20/2024 20:00,74.41392408,89.41086603,23.18324372,10.95317796,0.823573109,32.73766678,27.43092396,57.26521644,2.905495451,Good
1/20/2024 21:00,67.78125386,106.5746986,25.68728603,14.7065529,0.161379772,5,15.25314122,41.23549975,3.538084486,Good
1/20/2024 22:00,136.9720202,96.71742402,32.47784272,4.837380482,0.937450434,32.23306123,14.74821271,47.49873535,2.378517278,Good
1/20/2024 23:00,87.98937279,130.9242129,27.91864133,11.98963525,0.506083633,33.88761778,28.69590247,32.57558526,3.788055552,Good
1/21/2024 0:00,56.80206021,93.75673508,5.310502844,19.04653175,0.454000279,52.6732205,27.53510136,60.46504714,2.848380329,Moderate
1/21/2024 1:00,36.11148898,77.11783377,46.21865384,8.909770523,0.293796696,26.03600651,24.71302317,87.05855473,0.83379288,Moderate
1/21/2024 2:00,19.83884199,93.66892509,18.90885461,5.761830357,0.261832251,73.57349347,18.02275748,55.21508202,1.364073129,Moderate
1/21/2024 3:00,65.0865909,106.2989409,38.58870296,6.739555557,0.393365749,5,21.4604453,25.8040207,4.279992005,Good
1/21/2024 4:00,41.09123137,91.46580211,66.11124005,4.551834813,0.587293713,66.22334996,23.68626626,63.40009334,3.76210736,Good
1/21/2024 5:00,24.44365726,91.21775074,21.20923113,6.076190459,1.385977741,35.51362058,17.02053016,43.81560961,4.526428942,Moderate
1/21/2024 6:00,43.83567789,68.94024937,5,8.147459507,0.642236097,57.19169745,21.30485671,79.91476327,1.029007621,Good
1/21/2024 7:00,32.96129991,70.11297247,30.70993667,2.972164904,0.853325032,41.59602968,28.26165169,50.42747038,4.956001406,Good
1/21/2024 8:00,102.1785409,47.92184185,51.51439452,10.07809167,0.920144416,62.79111072,32.13652682,33.49877263,1.442330213,Very Unhealthy
1/21/2024 9:00,82.04099392,142.4873023,64.37521181,14.51138587,0.839319556,32.25276071,22.90282624,33.37739359,0.553009443,Unhealthy
1/21/2024 10:00,59.80068397,52.68410294,16.55675608,5.461219099,0.776766962,18.0275915,28.78244177,73.81349265,4.988403226,Very Unhealthy
1/21/2024 11:00,96.99860347,69.21284407,42.45048835,17.59641962,0.441411871,68.41008575,15.42969965,38.59113188,1.764832485,Moderate
1/21/2024 12:00,61.93420769,68.44778203,28.02034315,12.55396044,1.235278264,37.73038708,28.29725621,73.70633759,3.506087536,Good
1/21/2024 13:00,38.46789497,116.8477313,33.41077469,15.15290293,1.342158993,44.43116947,20.98025793,34.41211175,1.295070414,Moderate
1/21/2024 14:00,98.07810193,81.15150965,74.66515021,6.710827231,0.295202392,64.69503828,26.53672808,42.51804581,3.111028395,Good
1/21/2024 15:00,73.47275109,127.4322622,12.45544507,14.27262614,0.492791423,19.36089516,23.76123791,52.58408807,4.568157439,Moderate
1/21/2024 16:00,34.06884614,69.79528127,38.80609492,4.540330498,0.716056897,51.90981795,31.60207005,86.02370948,1.940815253,Good
1/21/2024 17:00,55.24153305,98.36982487,42.01539758,14.4512375,0.510638662,28.20210487,20.62782176,85.22119973,3.516142892,Unhealthy
1/21/2024 18:00,38.10954367,64.9395884,51.28679487,10.8591967,0.951789666,37.35661289,28.13803149,34.48103128,1.34556615,Good
1/21/2024 19:00,25.43000673,154.3544738,36.4697473,12.7662561,0.581518339,41.44557931,23.60246268,45.07533289,3.311579294,Very Unhealthy
1/21/2024 20:00,83.15443869,54.37204743,39.62075809,4.122026972,1.44951682,9.995562771,24.20847261,30.45795719,2.014026583,Very Unhealthy
1/21/2024 21:00,107.735416,99.29462131,29.12527149,5.524650789,1.157164578,24.42325914,24.08073053,55.69895555,1.450437164,Moderate
1/21/2024 22:00,25.03581065,109.0133064,39.03690412,12.98614109,0.863772209,67.02145785,20.77163448,52.24077855,1.909319228,Unhealthy
1/21/2024 23:00,74.07423092,102.4139729,29.85211587,5.258259979,1.108095879,57.72382377,24.92950517,83.05321137,1.304784808,Moderate
1/22/2024 0:00,43.73393577,84.44137023,44.32357835,12.31603146,1.131770127,38.74720845,24.68675889,85.10037645,4.558622485,Unhealthy
1/22/2024 1:00,47.82186541,86.10537901,29.45584496,3.164310968,0.630815754,44.86246917,26.20620124,46.84971737,2.287340988,Moderate
1/22/2024 2:00,45.19015189,91.31434416,40.65650591,14.24087106,0.555134827,34.11514989,25.42252573,54.42165601,1.603756872,Unhealthy
1/22/2024 3:00,38.40023076,85.58993995,34.56105779,3.837383426,0.823442919,67.13166772,28.98997275,82.73653744,2.517835285,Moderate
1/22/2024 4:00,61.2130407,118.9163735,51.89075376,12.76149969,1.058490837,35.99294844,29.61754308,76.46954654,1.942412751,Very Unhealthy
1/22/2024 5:00,39.22624709,156.31569,34.22909415,13.12815467,0.84171812,44.63684184,19.74688339,20.25594179,3.849886642,Moderate
1/22/2024 6:00,66.76142064,73.27524645,8.404512977,6.516140908,0.326901055,62.92060288,29.3438625,42.40416949,4.870489603,Moderate
1/22/2024 7:00,58.74404726,48.90591061,53.92882251,12.91013284,0.559152667,24.4525703,19.06831786,49.52419694,2.471151455,Unhealthy
1/22/2024 8:00,54.02629883,87.35153855,21.41401549,11.30221132,0.777808141,71.17578369,27.93927944,36.08013986,4.3746503,Unhealthy
1/22/2024 9:00,37.31090845,167.3912801,25.19350492,7.305790719,0.777300319,9.390771805,28.09869392,33.97001311,3.046383831,Moderate
1/22/2024 10:00,45.58071674,65.88976296,26.06508059,4.95722658,1.391762653,72.59284262,15.44341554,22.64491546,1.207560493,Good
1/22/2024 11:00,78.88478065,139.1735042,55.6165714,1,0.384203617,32.54648832,25.46489623,65.03588075,3.607802339,Moderate
1/22/2024 12:00,72.52292969,140.3310244,5,11.74825024,0.951676773,35.14602504,22.65751943,38.37572033,2.810455237,Hazardous
1/22/2024 13:00,35.56111888,73.39235275,82.066228,2.175986143,1.246733932,5,21.20617371,23.66430249,3.427729355,Unhealthy
1/22/2024 14:00,62.48330764,107.0694924,50.84085214,10.476721,1.481434924,30.90410565,31.75426165,36.16855174,4.503593357,Unhealthy
1/22/2024 15:00,78.78467808,138.8518987,38.34858371,8.68275892,0.678680773,19.20386938,21.7316043,76.1339767,2.481955568,Good
1/22/2024 16:00,18.26486797,78.62616777,34.17658999,13.39571388,0.947428836,27.84707309,20.96811535,79.60424272,4.555299304,Moderate
1/22/2024 17:00,73.58400481,83.8925892,39.28331112,8.489772503,0.970928107,37.25378068,25.3784747,53.81463716,3.878010564,Moderate
1/22/2024 18:00,43.43440603,72.54957258,42.81683643,8.352761068,0.858644519,59.15583229,28.42794873,49.12494693,2.698722166,Unhealthy
1/22/2024 19:00,74.26496671,59.55729808,44.67823379,13.65935352,0.77034644,44.15206703,24.29175707,88.44975855,3.21449961,Good
1/22/2024 20:00,40.91852109,70.52167365,43.33406699,11.67529015,0.930792617,46.15353307,30.83185273,34.03952617,1.965115096,Very Unhealthy
1/22/2024 21:00,14.87794748,53.281792,36.34371022,11.58077979,0.1,18.08961222,27.65487831,35.0751498,4.926187849,Moderate
1/22/2024 22:00,19.31143905,91.02250405,32.0399237,12.34633795,1.004620847,22.38491821,14.1089434,40.43070239,3.503080234,Good
1/22/2024 23:00,61.20212367,66.90080307,32.73090075,2.322139384,0.837853371,75.97450037,22.35266518,32.09301228,0.697310836,Good
1/23/2024 0:00,66.49306254,97.01357735,32.07637579,13.7839434,0.733257531,25.2959793,22.1907895,46.55559187,1.969798576,Good
1/23/2024 1:00,37.39208437,43.32313061,52.00655145,13.06234397,1.414058659,73.12416504,27.39680477,83.75839589,3.304914952,Moderate
1/23/2024 2:00,75.96481147,99.92640697,43.90335083,4.916584357,0.597519794,35.13877602,11.87591472,63.07434884,0.75349975,Good
1/23/2024 3:00,18.46199844,115.0058688,5,8.779597632,0.679077203,40.04575872,37.74504854,48.8362584,0.607478861,Good
1/23/2024 4:00,58.34800503,30.18793072,44.83851165,9.803463562,1.397465991,61.4073032,27.65513047,85.40875562,2.525109078,Unhealthy
1/23/2024 5:00,29.72459501,101.2216971,37.92104292,9.327516078,0.550381609,65.43784844,25.74438402,23.39249627,1.997105809,Good
1/23/2024 6:00,43.7040973,126.8300698,34.71936865,11.66929983,0.634965415,37.78374879,30.90783858,34.71933245,2.472343736,Good
1/23/2024 7:00,61.18496678,53.71076944,29.1722232,17.15683391,0.755892373,32.23513893,36.71827026,59.61220236,1.682119894,Moderate
1/23/2024 8:00,38.48966587,140.1771716,51.8616908,15.40883364,1.052220345,38.88159103,29.35373322,63.08868362,1.241229861,Moderate
1/23/2024 9:00,50.38611139,102.5705703,49.21289693,3.438904033,0.862340752,46.75915056,29.74406548,22.76902546,3.601145106,Unhealthy
1/23/2024 10:00,85.15732023,68.84964433,23.40683498,13.11034995,0.412212396,57.82607374,25.65345012,48.21271305,2.815570023,Moderate
1/23/2024 11:00,45.57770326,88.32692767,41.10578431,16.6446666,0.640349431,40.08459718,24.29237123,65.44077754,1.400693951,Unhealthy
1/23/2024 12:00,80.8923028,106.7498074,20.42514898,11.9340426,0.61779367,52.37772596,22.62102278,68.86493825,1.938152418,Moderate
1/23/2024 13:00,31.75732863,92.28016174,14.30572753,15.45490213,0.776833686,72.76719465,20.86944004,64.66979318,3.163135584,Good
1/23/2024 14:00,73.24510445,106.1626798,25.59924163,20.06135223,0.927753098,47.62619225,21.5649295,42.43942571,0.825032067,Good
1/23/2024 15:00,96.03921552,62.37979221,47.93590209,15.11854773,0.925461727,46.23305712,18.24722018,26.54640865,1.163538542,Moderate
1/23/2024 16:00,5,95.08082472,49.29687568,11.24654298,0.267196474,9.621783498,24.62064275,49.89787125,0.829605218,Good
1/23/2024 17:00,40.07761861,47.58856509,42.6962813,15.22544237,1.119182296,5,16.57666211,29.01281062,4.155427997,Unhealthy
1/23/2024 18:00,74.42680318,86.66321816,45.8764368,10.72443917,0.875770654,47.76751458,25.95458262,86.3336561,3.885841549,Moderate
1/23/2024 19:00,54.92386535,62.88277076,42.74267431,10.11951522,1.215359614,38.10351537,24.81834696,53.26196062,3.889908193,Good
1/23/2024 20:00,69.27864683,67.93410172,25.37777607,8.242928821,0.933259498,29.7043465,25.73467649,42.2081422,3.723464046,Good
1/23/2024 21:00,44.90037033,127.0827953,41.47883817,17.81706679,1.130396887,44.87060408,22.38934215,73.64128498,3.512234407,Good
1/23/2024 22:00,62.16474469,122.7393036,47.00614288,5.90785667,0.939963593,38.79192542,40.38430185,54.85640148,2.646463619,Moderate
1/23/2024 23:00,56.10806912,108.2741436,46.31436995,17.66183862,1.203867727,62.55560501,31.8005795,41.70238168,3.390251736,Moderate
1/24/2024 0:00,89.19455154,57.23061706,52.83370057,12.49932062,0.956675191,41.72221737,18.7772875,76.83774197,0.672626997,Moderate
1/24/2024 1:00,66.36052108,80.50774651,45.62455771,3.003469126,0.770625426,25.0615343,26.16434044,80.70065057,3.296589902,Good
1/24/2024 2:00,68.44006655,126.392931,40.27172311,11.83824646,1.481730416,59.80332478,21.95996929,67.11057164,4.000449675,Moderate
1/24/2024 3:00,49.70307585,94.25150741,51.05225357,1,1.066711137,35.6573785,19.92760137,23.28750957,2.751612622,Very Unhealthy
1/24/2024 4:00,47.8098444,159.5798862,34.60218111,13.12754008,0.972123326,50.53073367,18.29963964,59.64260161,2.108809978,Good
1/24/2024 5:00,49.1860453,101.7995352,21.77188023,14.42615741,0.417108675,30.45178588,27.16108345,73.43064384,1.748420307,Moderate
1/24/2024 6:00,69.86130356,95.76147349,32.55399554,7.038220222,0.413507715,27.00346229,21.59309882,29.55521085,3.392609226,Hazardous
1/24/2024 7:00,49.47538798,80.72650607,23.82646033,10.61773848,0.887814645,41.6833646,29.83913012,36.0069526,3.617605394,Good
1/24/2024 8:00,67.24437142,94.00622714,24.87232588,19.77078717,0.843656359,40.25657287,29.96891107,81.77465735,4.419354199,Moderate
1/24/2024 9:00,111.88502,85.42590491,32.83221994,7.471266479,0.61576323,49.59654071,31.86957193,21.40852053,2.040503371,Good
1/24/2024 10:00,81.77811759,111.2432603,23.11370119,4.705462065,0.84229481,34.62708493,20.73806617,72.69089965,3.963975383,Moderate
1/24/2024 11:00,51.8494117,118.7010695,30.38057706,17.40831701,1.276588078,5,27.37682805,53.16413048,3.026101209,Good
1/24/2024 12:00,90.03034805,66.42031618,6.595779996,19.81293595,1.008620742,31.34452233,28.16227108,51.27405112,4.472764208,Hazardous
1/24/2024 13:00,49.79811567,50.06301139,38.19940561,10.01847836,0.457697447,55.87636934,22.62910912,20.49675727,2.875154487,Unhealthy
1/24/2024 14:00,9.046886621,34.91383881,35.01808213,15.05731518,0.766547352,34.05247842,21.14114021,77.35787617,2.829334228,Unhealthy
1/24/2024 15:00,34.79784223,105.2397398,22.74367053,16.70737958,0.558510056,35.07233195,33.04760333,45.18774304,3.100446866,Unhealthy
1/24/2024 16:00,13.23020197,56.89900181,44.88868503,6.287578837,0.683690025,59.72753012,26.13747938,57.85359419,3.871919098,Moderate
1/24/2024 17:00,51.2121629,25.41328221,49.06355206,7.573470823,0.6759153,25.76053545,28.17983875,67.41104804,4.841107155,Moderate
1/24/2024 18:00,60.46045948,101.6573581,10.88660203,16.15437257,0.656706325,9.143935635,20.88961994,69.18407035,0.831035094,Very Unhealthy
1/24/2024 19:00,101.9109328,164.7899855,23.55912832,18.42507139,0.423459388,36.78737761,18.90357767,86.91860412,0.740455711,Hazardous
1/24/2024 20:00,68.17318434,89.81787265,23.46286475,12.8144043,0.761703596,30.31652098,22.15275113,57.19379673,4.718976518,Moderate
1/24/2024 21:00,54.52248678,115.1547232,20.90145348,5.600928232,0.631817709,20.6750736,24.37989306,47.98036857,2.884440315,Very Unhealthy
1/24/2024 22:00,80.73513953,92.45488076,47.44212263,19.93530556,0.1,36.49243088,19.67889997,86.75925385,3.267063566,Moderate
1/24/2024 23:00,5,87.0333104,32.09260792,7.345145511,1.415891607,49.83011294,24.95077596,64.94771645,2.670906207,Moderate
1/25/2024 0:00,65.89036395,117.5722945,31.03227738,8.324311094,1.126630896,39.81422877,16.55747406,40.87052494,0.921458537,Moderate
1/25/2024 1:00,79.27162985,81.29176367,5,11.71168917,0.687109783,46.13962145,19.39976289,28.85249718,3.956402203,Good
1/25/2024 2:00,23.03534386,98.02176942,44.53127045,17.7708021,0.805645715,76.26815397,28.35455624,78.9788151,3.862510903,Good
1/25/2024 3:00,88.59385108,99.65093419,16.41112408,14.26987988,0.448503696,33.14242277,28.0189526,45.3527122,1.902664947,Good
1/25/2024 4:00,68.46241019,69.95728639,35.89898945,12.0743275,1.308716863,45.56697269,23.04061617,66.2328805,1.878076604,Moderate
1/25/2024 5:00,49.61780215,119.7612705,39.16065407,12.31644265,1.369186608,29.81573275,19.91117845,52.95714936,4.270286214,Good
1/25/2024 6:00,75.81954665,84.7512073,55.40987894,10.21757334,0.847008118,23.0728056,19.86298224,33.92508459,0.82560766,Moderate
1/25/2024 7:00,116.7673214,67.32764522,15.36769401,12.79069757,1.107059193,28.30184693,23.13365877,62.1180626,4.464973168,Hazardous
1/25/2024 8:00,64.54665638,106.0952953,5,1,0.852586034,30.42482857,28.22259246,24.24781483,1.654977605,Good
1/25/2024 9:00,66.20551466,63.04596055,37.75774317,8.516962705,0.398982368,47.18951595,29.64122846,48.93397219,3.168431365,Moderate
1/25/2024 10:00,48.51597751,90.84543472,62.00766772,11.20660967,0.676452989,86.98151573,22.51734132,58.26304578,4.711973806,Good
1/25/2024 11:00,38.75389076,89.7264301,53.58419529,4.244929582,0.83957839,25.67913127,19.23253787,50.52328819,3.551551257,Good
1/25/2024 12:00,80.75839541,122.576867,38.14489123,11.93161659,0.663635684,31.66749389,26.33921819,72.40705227,2.364934156,Unhealthy
1/25/2024 13:00,38.59790435,104.240947,27.62545722,8.977643895,0.734404017,38.73753974,20.88232515,77.95474682,3.60290394,Moderate
1/25/2024 14:00,61.78915593,89.24919124,47.10683895,18.77737849,0.772580133,47.91597697,22.40873681,73.98701518,2.047908363,Unhealthy
1/25/2024 15:00,48.05856383,114.532989,20.396807,17.86509863,0.775736451,45.27101624,31.62638045,22.71690635,1.747662874,Good
1/25/2024 16:00,71.97449564,131.7062265,42.14536654,7.670972154,0.815677547,65.68191588,29.13557714,33.58901393,4.985074751,Moderate
1/25/2024 17:00,68.34155263,106.7343092,42.58205239,9.245811442,0.48181848,5,25.78987156,57.56252565,3.87855604,Good
1/25/2024 18:00,85.93849861,90.3105786,50.90314861,9.630262172,0.584895155,5,18.64040499,85.43754283,3.401239898,Good
1/25/2024 19:00,47.24959003,50.64491303,76.39490058,7.741702619,0.41462472,30.08243656,26.05698284,78.44697425,2.098803394,Good
1/25/2024 20:00,53.25312662,58.04659011,40.88623951,10.97512492,1.093344665,61.94600375,30.31328645,78.97741558,0.721223731,Good
1/25/2024 21:00,35.53090711,80.84325887,27.36554561,6.208589656,0.168305917,8.687039368,23.12183167,41.22457356,0.639755942,Good
1/25/2024 22:00,48.8926685,71.71463394,34.61638532,4.346923325,1.146077103,5,31.75557045,50.0613528,2.99381565,Good
1/25/2024 23:00,69.43251233,84.39086091,8.463861427,13.11355612,1.215904819,51.42358812,31.46372645,52.94941631,3.929147245,Hazardous
1/26/2024 0:00,78.92471542,91.69949775,24.57930303,13.14764792,0.709345824,44.87314447,33.31866416,31.01601083,2.918206357,Good
1/26/2024 1:00,36.9458669,105.8907826,28.86076343,5.978421202,0.1,18.19583186,26.52621563,22.17476912,4.283532824,Good
1/26/2024 2:00,81.740148,87.88503666,27.13867403,14.47677715,0.691606831,20.28920799,27.9369585,86.28320296,0.650419399,Good
1/26/2024 3:00,93.89094647,104.5950493,37.28532308,6.842111354,0.780744752,20.60512561,32.07093644,36.849881,2.150384344,Moderate
1/26/2024 4:00,70.33587258,91.93423244,22.66370101,11.26582619,0.496820534,42.21070635,27.23696969,36.79642326,1.56681676,Good
1/26/2024 5:00,106.9198953,30.73600301,51.81546001,14.10172006,0.645434482,27.47369448,22.49382946,25.83653376,2.512728357,Very Unhealthy
1/26/2024 6:00,40.65527002,61.81993819,35.00310597,9.831937176,1.25905856,49.88127838,22.75728582,84.99554264,0.825693769,Hazardous
1/26/2024 7:00,28.88363242,85.67737333,34.86049518,12.27370456,0.999478149,5,26.19277477,60.58159805,4.793592387,Good
1/26/2024 8:00,15.53199378,53.70915771,30.08157925,7.417851781,0.522630766,22.8629627,18.54719289,66.69258,1.504649305,Moderate
1/26/2024 9:00,97.40110779,107.9978619,37.32786026,9.017667083,0.320720249,17.47892078,24.28370542,83.81038211,4.65038499,Good
1/26/2024 10:00,76.35914141,135.922525,47.37647397,8.970702846,0.701894805,34.87318643,30.48273559,44.19341182,2.416519198,Moderate
1/26/2024 11:00,58.61038323,126.5628556,21.99304676,6.267108267,0.735962966,29.23904483,14.04373074,63.50551178,4.9348586,Moderate
1/26/2024 12:00,66.99921566,83.59671387,25.12825266,9.116129184,0.948859756,55.9568756,32.67241051,22.71596183,2.993262726,Good
1/26/2024 13:00,31.86277382,134.7217841,30.44410957,2.256908506,0.639404986,5,30.61187109,33.07407698,4.688747889,Good
1/26/2024 14:00,121.1437995,94.46002372,14.81193615,7.544231264,0.953449873,40.90982953,22.70117692,78.18720636,0.524070449,Moderate
1/26/2024 15:00,63.23052955,79.88742087,22.7111321,8.575622533,1.380546212,51.16672846,27.71695414,73.67378494,3.867074628,Moderate
1/26/2024 16:00,62.73486987,71.59792009,27.8566869,8.719101238,1.044650307,77.13294873,25.01573863,44.5449884,4.563727939,Good
1/26/2024 17:00,78.1441656,80.92590941,48.11583771,8.792512771,0.785573448,30.36468058,31.14995184,46.37674394,1.128742551,Moderate
1/26/2024 18:00,72.02523079,78.35469544,38.93841994,9.691179001,0.745054859,46.48917209,29.91341571,57.34881035,0.932566333,Moderate
1/26/2024 19:00,65.59710061,95.11248667,37.90384867,12.39720759,0.69299806,5,17.99964638,20.01687033,2.410576732,Very Unhealthy
1/26/2024 20:00,40.23813861,94.81721943,47.76346943,14.37258537,1.154192274,5,27.93631207,36.88710352,4.701555078,Good
1/26/2024 21:00,71.78670893,90.0913806,32.93942317,6.751173866,0.611805966,56.89548752,23.97186073,34.5762266,2.940739521,Unhealthy
1/26/2024 22:00,107.0506124,103.1081451,40.85697275,3.983995723,0.813566813,39.88879413,25.41416285,37.53380627,2.873554087,Moderate
1/26/2024 23:00,93.63550115,125.7193882,33.45167371,4.789777939,0.815359371,63.5702538,21.3591405,76.41340898,1.135067532,Good
1/27/2024 0:00,99.82966567,118.4866241,38.98043524,7.563985394,0.649464742,12.53194222,33.74068535,39.57716996,0.5035528,Moderate
1/27/2024 1:00,47.21960809,45.45306095,26.25862014,8.240393411,0.388260336,50.39804279,30.2003091,33.40649254,4.145630408,Moderate
1/27/2024 2:00,35.25987949,13.38236595,5,6.150019669,0.896892351,77.37635681,21.30114418,55.29844226,0.894085533,Very Unhealthy
1/27/2024 3:00,56.855327,118.0295973,32.98581257,3.519416679,0.781698808,48.39411217,18.32694697,80.59515255,3.352324184,Good
1/27/2024 4:00,61.39312281,48.99363905,56.34122204,7.719395863,0.950072141,45.53163011,23.07163685,36.89447927,4.615774045,Moderate
1/27/2024 5:00,87.35478796,83.25703794,48.89323103,10.9071331,0.639919908,40.17112162,27.17251323,25.497537,1.438933609,Good
1/27/2024 6:00,17.68838426,54.89660922,49.48096227,12.97514733,1.16624639,8.582370857,26.20102922,44.94833151,3.493727763,Hazardous
1/27/2024 7:00,98.23875799,35.94058687,53.54196083,7.212884734,0.536967866,67.11145871,31.26566412,72.33562772,0.854143595,Good
1/27/2024 8:00,56.04980254,106.2438818,36.32986386,7.935010889,1.313612085,27.7828472,28.94959861,58.54833813,3.216898147,Hazardous
1/27/2024 9:00,49.32797325,112.7746548,37.95973561,5.366508456,0.275709047,50.08966513,29.84784513,77.17553587,1.237692744,Very Unhealthy
1/27/2024 10:00,34.69739062,72.70468798,25.73522157,9.842804148,0.930431019,8.739313869,26.634277,87.17145033,3.811791022,Good
1/27/2024 11:00,18.6285832,12.26873124,30.25890716,5.757856829,0.942629205,16.41080671,18.05350635,75.48637337,1.855540827,Unhealthy
1/27/2024 12:00,80.5792646,73.61266655,44.23656725,12.86563907,0.56133288,68.70174798,24.02150734,62.26621552,2.58525954,Hazardous
1/27/2024 13:00,61.83294918,101.7541202,53.05826656,1.07066754,0.927318181,33.05395422,30.3004487,54.53391116,3.197437439,Good
1/27/2024 14:00,27.75097751,45.63265294,32.90830586,8.201851638,1.183855601,69.06550952,24.74238536,22.80483604,1.270730348,Moderate
1/27/2024 15:00,27.6230307,95.50079759,28.24716103,11.5055367,0.134954348,38.43538682,27.51545184,88.90253852,3.837370184,Moderate
1/27/2024 16:00,51.60538252,89.54070452,35.00791938,10.91917258,0.950823442,5,23.40625842,46.84367858,1.861881533,Good
1/27/2024 17:00,101.7255381,107.378745,44.01810123,23.46516832,0.1,57.84135199,19.85094076,30.65597497,3.48067337,Good
1/27/2024 18:00,53.51021622,93.58741105,13.34217776,11.74900012,0.510300559,28.20215364,24.38327968,66.66961988,1.212273728,Good
1/27/2024 19:00,22.42142617,60.80793177,5,4.979727016,1.288749909,53.97377627,26.54523722,39.90018024,3.596529466,Good
1/27/2024 20:00,53.8564234,125.897145,26.74194726,9.522678765,0.62546539,40.50421735,21.7215614,61.00447897,1.076846328,Moderate
1/27/2024 21:00,53.18191076,85.24411281,16.68931361,1.118768333,0.447836011,9.137635441,23.82144378,61.07375355,2.414104233,Good
1/27/2024 22:00,5,89.18086381,27.37789704,9.597001254,0.740618681,43.28589531,20.30268379,51.20108746,1.612427332,Very Unhealthy
1/27/2024 23:00,58.64262834,62.00196123,32.78329522,5.834719715,1.420371901,83.92446284,30.59622459,78.52830309,3.867688622,Unhealthy
1/28/2024 0:00,54.22663674,76.70153246,28.20127386,14.57695138,0.250495326,49.85972917,23.52772121,38.54769431,1.67915752,Good
1/28/2024 1:00,77.40515912,63.45591858,56.78701302,7.252298627,0.484607027,38.84964494,32.26377773,51.40428141,4.467727879,Moderate
1/28/2024 2:00,106.2239024,84.8116182,39.90117147,9.416170421,1.249229505,61.50686804,32.64373925,57.638449,4.513190951,Moderate
1/28/2024 3:00,88.16412574,141.3512544,39.50711539,6.822210793,1.357310703,44.2133693,24.59477018,66.45373045,1.383985919,Hazardous
1/28/2024 4:00,53.27778274,48.84296571,44.33310716,18.69425676,0.768970633,44.19068461,19.95775634,74.87802954,3.262306753,Good
1/28/2024 5:00,32.33685228,41.59315806,17.91750323,8.393786169,0.428284189,18.16749656,14.57051061,47.6365098,0.894729388,Good
1/28/2024 6:00,124.3339951,134.1351098,50.58667681,19.16278522,1.428753051,44.67696052,17.63981463,65.22328609,2.261916948,Very Unhealthy
1/28/2024 7:00,61.48046085,83.72028969,33.8635357,14.07075881,1.278332718,60.70886833,18.13082588,30.54276671,3.709947783,Very Unhealthy
1/28/2024 8:00,60.3482323,69.92781784,45.05720926,12.41033364,1.003684096,23.27875696,31.89234814,85.28536704,3.467404611,Unhealthy
1/28/2024 9:00,59.39687282,121.1971406,18.9221415,11.84366574,0.556279295,68.48991642,25.57912294,46.81411645,3.311153012,Unhealthy
1/28/2024 10:00,64.95211902,71.83153381,11.69361851,11.96898649,0.785291198,38.16587952,26.94802262,71.06649954,1.771433886,Good
1/28/2024 11:00,56.3909897,144.7802914,47.26834487,1,0.751891976,22.24460977,13.89789496,21.42387573,2.201112272,Moderate
1/28/2024 12:00,45.65844983,110.3377761,40.64614289,8.605583029,0.899255391,59.95264154,19.01016785,34.3631,0.963257651,Good
1/28/2024 13:00,46.32852647,75.36265776,21.46922668,14.22578986,1.235300431,34.26411529,29.43539888,54.0957781,3.735602692,Good
1/28/2024 14:00,59.18116824,154.7192464,21.95505378,9.755514083,1.063825112,55.19029775,26.43387056,81.47767274,2.767499586,Unhealthy
1/28/2024 15:00,46.41438072,71.82855231,51.88152177,2.974050766,0.476787177,34.16482735,24.26397361,56.9078605,3.689445346,Good
1/28/2024 16:00,42.17885543,112.2628612,17.15882161,9.737977747,1.212948935,38.80347713,27.82421179,85.09093376,1.620245862,Moderate
1/28/2024 17:00,62.66075569,98.97877741,59.6400943,18.52052758,0.893939642,49.87120409,33.17898903,53.86578276,1.959972029,Very Unhealthy
1/28/2024 18:00,53.62556956,129.0522387,21.49068898,16.23445858,1.006119739,45.81794115,23.89478768,54.33143677,2.003969018,Good
1/28/2024 19:00,97.59982471,136.8453359,44.57587888,9.689979953,1.239962258,5,25.34684901,28.3822752,0.615840844,Hazardous
1/28/2024 20:00,5,90.96012447,30.07072286,14.75724639,0.466525925,17.5751252,25.96298459,76.18593709,2.034715428,Hazardous
1/28/2024 21:00,87.2876713,67.39746389,44.04781147,8.167464898,0.789252326,58.5881997,36.96054818,37.28757887,4.114870581,Moderate
1/28/2024 22:00,91.15212981,103.7991643,26.83828997,1.480642066,0.640563635,37.35726822,14.50321868,82.97287426,4.537843231,Good
1/28/2024 23:00,8.16524419,69.66853891,32.55810641,5.377670059,0.329642172,29.52537394,28.41611507,83.75769542,2.83198242,Good
1/29/2024 0:00,51.43281015,150.4016174,35.61378763,17.81444384,0.904012993,12.82851969,24.42598876,86.03170783,2.549757628,Moderate
1/29/2024 1:00,50.71397835,94.09605993,19.96718816,8.630034591,1.553466965,18.40527357,27.83385863,56.41613424,0.638710784,Good
1/29/2024 2:00,24.81220763,79.04035346,46.11236518,8.783080103,0.247976677,5,21.71313723,67.39656493,4.456419519,Good
1/29/2024 3:00,40.55458281,95.54040918,27.3017965,8.500809019,0.790315817,37.97438563,24.75517485,74.4961116,0.55854596,Hazardous
1/29/2024 4:00,32.23560386,49.58621131,31.57100127,19.52068295,0.992162881,28.03124839,28.5570529,29.17102331,4.751375361,Good
1/29/2024 5:00,103.8067611,60.85157884,20.08475938,18.12979458,0.83692346,20.66824218,40.56455101,62.06700365,2.701473119,Unhealthy
1/29/2024 6:00,83.39195983,126.0124172,5,21.09390117,0.766061584,38.6375315,29.04018095,22.40085309,2.038705221,Good
1/29/2024 7:00,91.78887737,70.29317163,32.13458356,9.204773948,0.410235091,47.27941262,20.75967201,54.82962584,4.658982957,Moderate
1/29/2024 8:00,78.0418016,58.59267052,71.18923132,11.47812244,0.869836023,81.86395864,22.88120159,30.83898771,0.609759469,Very Unhealthy
1/29/2024 9:00,31.77370572,106.0995826,46.76906432,2.416787253,0.572970807,9.762331609,22.73292946,32.80460482,3.116412027,Good
1/29/2024 10:00,46.88699334,125.5711246,34.7110943,17.38467213,0.143023489,63.18762087,16.02178414,45.55332967,2.97019636,Good
1/29/2024 11:00,72.23436403,111.5685993,31.05663756,4.161102244,1.158377666,59.46203122,23.34954904,50.27060167,1.486941805,Moderate
1/29/2024 12:00,29.44680478,119.8814306,35.33698839,11.08387782,1.087515746,24.41814521,28.66414541,63.62206972,2.429993441,Unhealthy
1/29/2024 13:00,77.82496075,67.29614734,43.20678673,4.513487362,0.815498293,44.06471909,18.6288394,25.20998929,3.435188027,Moderate
1/29/2024 14:00,53.99186505,47.34568,17.28780777,7.055665866,0.868722406,30.84733501,30.24241326,55.25842329,3.772090386,Good
1/29/2024 15:00,50.62947981,135.0400096,51.71482542,5.813687845,1.122295404,43.71377161,27.43887411,32.78375912,0.503225864,Good
1/29/2024 16:00,77.77399921,80.31960483,45.73071973,6.960623697,0.867301897,70.18262027,21.32883339,60.17826225,4.715840435,Hazardous
1/29/2024 17:00,71.10658279,82.47500951,45.77278589,7.304386484,1.071205266,52.11212465,24.29235181,64.61832286,1.240364176,Very Unhealthy
1/29/2024 18:00,50.97584585,129.8458243,41.57713608,7.258656025,0.71075534,50.17216746,32.99160904,58.96964796,1.551111954,Moderate
1/29/2024 19:00,88.98324508,106.6869003,35.29424987,14.16666956,1.193595122,31.3938136,28.66773907,71.68068573,1.685630506,Unhealthy
1/29/2024 20:00,32.97341681,103.6766332,45.09291854,4.475686035,0.896235718,10.3188667,25.04391827,43.4926471,0.670190614,Moderate
1/29/2024 21:00,75.39839017,154.9500703,43.87721201,11.10270714,0.858215583,35.83063579,23.81158342,73.55746141,1.053734556,Moderate
1/29/2024 22:00,74.82753145,70.69445309,29.68938934,16.08979576,0.418981673,64.1321631,25.38304535,50.29369572,4.938574653,Good
1/29/2024 23:00,52.26133902,117.8352038,26.39597341,7.434018177,0.886086756,9.456642868,22.44118221,53.89291488,1.918475318,Moderate
1/30/2024 0:00,68.15332556,91.71039375,36.52784443,6.410405546,0.550413525,18.89821264,14.47625247,65.36714891,1.018854907,Moderate
1/30/2024 1:00,28.72216059,98.05776837,58.23530227,8.847376874,0.608515182,42.52535472,35.21088955,21.28508688,0.981460675,Good
1/30/2024 2:00,83.10067548,135.8540528,16.41339387,15.89862604,0.555387312,20.3069043,25.776625,65.7795955,3.737569855,Moderate
1/30/2024 3:00,55.37744659,105.2350727,12.98712101,10.97053815,0.48012952,24.14953106,26.99073633,63.30096044,4.345558988,Unhealthy
1/30/2024 4:00,46.93192449,106.1488824,37.47141262,7.343928527,1.437431421,31.52802837,24.71046125,41.68929817,1.656285348,Moderate
1/30/2024 5:00,86.22523065,122.1752201,35.76331553,12.41938326,1.199401719,12.68765192,21.324416,26.00559994,0.594092806,Moderate
1/30/2024 6:00,42.39140774,79.05141811,37.60012497,4.488539251,1.376110251,20.51756308,24.0703776,26.36548149,1.503905083,Very Unhealthy
1/30/2024 7:00,24.78846759,64.82370998,38.65929797,13.40679755,0.433131494,54.06855834,17.00302619,84.62566229,0.754320609,Good
1/30/2024 8:00,21.08427066,58.65572418,31.65196618,12.04303654,0.821376125,13.85260436,36.38543249,68.24955249,0.965277215,Moderate
1/30/2024 9:00,75.15024878,31.00930232,57.34795158,8.460957644,0.411947712,8.04255731,18.82744001,28.89718296,2.441786539,Unhealthy
1/30/2024 10:00,27.98926619,151.6862139,10.98644032,5.807071008,0.591291537,27.39950041,19.84016858,44.97062185,1.534632669,Moderate
1/30/2024 11:00,103.8698545,56.90374903,22.57254463,5.566595389,0.524561905,54.63911005,22.79870398,61.47380957,2.821756453,Good
1/30/2024 12:00,7.951764803,83.36239129,33.4511786,12.67408668,1.171875202,36.06156384,31.44037862,78.49001936,1.64072189,Good
1/30/2024 13:00,102.4114092,81.695601,10.35216783,16.14490251,0.681131097,30.70837844,25.072545,23.05626501,4.732417855,Very Unhealthy
1/30/2024 14:00,65.27543668,99.22220093,32.36218393,6.813461265,1.1205138,40.88717595,18.81932102,36.5643192,4.576747856,Moderate
1/30/2024 15:00,57.5821722,114.4721164,59.92205249,12.29193352,0.981236267,5.085851343,31.2716918,82.28242932,3.050627473,Very Unhealthy
1/30/2024 16:00,46.37702283,115.8142047,35.31329732,1,1.491091626,49.89411308,28.65500313,20.64158851,2.094907964,Moderate
1/30/2024 17:00,69.97840286,72.50767684,38.46051359,7.076911347,0.356166733,47.66870063,27.69217479,34.0979372,2.215160969,Moderate
1/30/2024 18:00,59.05913244,84.98634859,16.09752852,9.844705336,1.177769972,31.81383052,28.57867121,87.13169232,2.353335274,Unhealthy
1/30/2024 19:00,87.58254705,98.47739851,25.75457888,5.451582915,1.143932261,60.11849024,36.9718095,62.93812926,3.77410695,Moderate
1/30/2024 20:00,62.85569122,82.53926621,29.3720543,5.317468126,0.507986349,17.45007802,35.92547448,38.31699566,2.53237548,Good
1/30/2024 21:00,63.75754404,138.2203673,30.23427355,6.661102218,1.102140001,62.55817987,21.56642328,24.68937661,4.355284759,Moderate
1/30/2024 22:00,50.90969469,104.7292485,54.22465693,11.46096364,0.900843489,43.08987331,33.11942496,21.97339383,4.748426537,Unhealthy
1/30/2024 23:00,58.57635941,112.0463336,43.36536591,9.063354908,0.731757122,33.2689482,26.91584095,37.13215557,2.01175769,Good
